Workbook

Sheet 00_사용안내
A1: GearMatch AI — 06-A Product Recommendation DB v0.2
A3: 항목 | B3: 값 | D3: KPI | E3: 값
A4: 생성 기준일 | B4: 2026-08-28 | D4: 전체 Product | E4: 61
A5: 기준 문서 | B5: 06_데이터 기획서 v0.1 | D5: KR 판매 근거 Product | E5: 51
A6: Migration 원천 | B6: 러닝화_DB_통합본.xlsx | D6: Target 30 | E6: 30
A7: Review 원천 | B7: 국내_러닝화_리뷰.xlsx + 해외_러닝화_리뷰.xlsx | D7: Recommendation Eligible | E7: 29
A8: Product 단위 | B8: 1 Row = 1 Product Model + Version | D8: Review Evidence 행 | E8: 275
A9: 원칙 | B9: Source 없는 값/AI 임의 점수 생성 금지
A11: 현재 상태 해석
A12: v0.2에서는 한국 MVP Target 30개를 대상으로 성능/설계 데이터를 보강했습니다. 29개는 Cushion·Stability·Responsiveness·Weight·Drop·Plate·Fit·Wide·Level·Distance의 P0 필드를 채웠으며, adidas Duramo SL 2는 공식 Fact는 확인했지만 비교 가능한 독립 성능 점수가 없어 Recommendation Eligible에서 제외했습니다. 성능 비교는 RTINGS 동일 테스트 벤치를 우선하고, 미커버 제품은 RunRepeat 상대 측정을 Tier B로 분리했습니다.
A18: Sheet | B18: 용도
A19: 01_Product_Master | B19: 제품 식별 / 시장 / 공식 가격 / Target30 / Eligibility
A20: 02_Recommendation_Attrs | B20: 추천 계산용 Attribute / Caution / Missing 관리
A21: 03_Product_Evidence | B21: Field 단위 Source / Review / Lab Evidence
A22: 04_Target30_Gaps | B22: Target 30 완료 상태 및 추가 조사 항목
A23: 05_v0.2_Benchmark | B23: 성능 원점수·정규화·Source Tier·Confidence
A24: 06_v0.2_Release_Notes | B24: v0.2 정규화 규칙·운영 권고·주의사항
A25: 99_Codebook | B25: Controlled Vocabulary / Rule Version / Data Policy
A26: v0.2 Research Status
A27: Target 30 | B27: 30 | D27: Tier A / RTINGS | E27: 26 | G27: Score Rule | H27: PERF_NORM_v0.2
A28: Ready for MVP | B28: 29 | D28: Tier B / RunRepeat | E28: 3 | G28: Verified at | H28: 2026-08-28
A29: Research Required | B29: 1 | D29: Tier C / Official only | E29: 1 | G29: Pending Product | H29: adidas Duramo SL 2
A31: 다음 작업: Duramo SL 2의 독립 비교 데이터 확보 후 Target 30을 모두 Eligible로 전환하고, Recommendation Logic Spec에서 Source Tier / Confidence를 가중치에 반영합니다.

Sheet 01_Product_Master
A1: product_id | B1: brand | C1: brand_ko | D1: series | E1: model_name | F1: version | G1: display_name | H1: market | I1: currency | J1: product_status | K1: kr_sale_confirmed | L1: official_product_url | M1: official_image_url | N1: image_reference_url | O1: msrp_krw_or_source_currency | P1: msrp_raw | Q1: price_verified_at | R1: target_30 | S1: recommendation_eligible | T1: data_status | U1: product_data_version | V1: legacy_use_category | W1: legacy_description | X1: source_quality_note | Y1: updated_at
A2: GM-NK-PEGASUS-42 | B2: Nike | C2: 나이키 | D2: Pegasus | E2: Pegasus | F2: 42 | G2: Nike Pegasus 42 | H2: KR | I2: KRW | J2: CURRENT | K2: TRUE | L2: https://www.nike.com/kr/w/pegasus-running-shoes-37v7jz8nexhzy7ok | N2: https://www.nike.com/kr/w/pegasus-running-shoes-37v7jz8nexhzy7ok | O2: 169000 | P2: 169,000원 | Q2: 2026-07-01 | R2: TRUE | S2: =AND(H2="KR",K2=TRUE,O2<>"",IFERROR(VLOOKUP(A2,'02_Recommendation_Attrs'!$A$2:$W$100,23,FALSE),FALSE),IFERROR(VLOOKUP(A2,'05_v0.2_Benchmark'!$A$2:$AC$31,29,FALSE),FALSE)) -> TRUE | T2: VERIFIED | U2: PDB_v0.2 | V2: 데일리/올라운드 | W2: 올라운드 데일리 트레이너. 입문~중급 러너의 조깅, 기본 훈련, 가벼운 스피드런까지 무난하게 커버. | X2: DIRECT_IMAGE_URL_NOT_VERIFIED | Y2: 2026-08-28
A3: GM-NK-VOMERO-18 | B3: Nike | C3: 나이키 | D3: Vomero | E3: Vomero | F3: 18 | G3: Nike Vomero 18 | H3: KR | I3: KRW | J3: CURRENT | K3: TRUE | L3: https://www.nike.com/kr/w/vomero-running-shoes-37v7jz7gee1zy7ok | N3: https://www.nike.com/kr/w/vomero-running-shoes-37v7jz7gee1zy7ok | O3: 189000 | P3: Vomero 18 189,000원 / Plus 219,000원 / Premium 299,000원 | Q3: 2026-07-01 | R3: TRUE | S3: =AND(H3="KR",K3=TRUE,O3<>"",IFERROR(VLOOKUP(A3,'02_Recommendation_Attrs'!$A$2:$W$100,23,FALSE),FALSE),IFERROR(VLOOKUP(A3,'05_v0.2_Benchmark'!$A$2:$AC$31,29,FALSE),FALSE)) -> TRUE | T3: VERIFIED | U3: PDB_v0.2 | V3: 쿠션/장거리 | W3: 쿠셔닝 중심의 편안한 데일리·장거리용. 부드러운 착지감과 보호감을 선호하는 러너에게 적합. | X3: CATEGORY_OR_SHARED_URL;DIRECT_IMAGE_URL_NOT_VERIFIED | Y3: 2026-08-28
A4: GM-NK-VOMERO-PLUS-BASE | B4: Nike | C4: 나이키 | D4: Vomero | E4: Vomero Plus | G4: Nike Vomero Plus | H4: KR | I4: KRW | J4: CURRENT | K4: TRUE | L4: https://www.nike.com/kr/w/vomero-running-shoes-37v7jz7gee1zy7ok | N4: https://www.nike.com/kr/w/vomero-running-shoes-37v7jz7gee1zy7ok | O4: 219000 | P4: Vomero 18 189,000원 / Plus 219,000원 / Premium 299,000원 | Q4: 2026-07-01 | R4: FALSE | S4: =IFERROR(VLOOKUP(A4,'02_Recommendation_Attrs'!$A$2:$W$100,23,FALSE),FALSE) -> FALSE | T4: DRAFT | U4: PDB_v0.1 | V4: 쿠션/장거리 | W4: 쿠셔닝 중심의 편안한 데일리·장거리용. 부드러운 착지감과 보호감을 선호하는 러너에게 적합. | X4: CATEGORY_OR_SHARED_URL;DIRECT_IMAGE_URL_NOT_VERIFIED | Y4: 2026-08-28
A5: GM-NK-VOMERO-PREMIUM-BASE | B5: Nike | C5: 나이키 | D5: Vomero | E5: Vomero Premium | G5: Nike Vomero Premium | H5: KR | I5: KRW | J5: CURRENT | K5: TRUE | L5: https://www.nike.com/kr/w/vomero-running-shoes-37v7jz7gee1zy7ok | N5: https://www.nike.com/kr/w/vomero-running-shoes-37v7jz7gee1zy7ok | O5: 299000 | P5: Vomero 18 189,000원 / Plus 219,000원 / Premium 299,000원 | Q5: 2026-07-01 | R5: FALSE | S5: =IFERROR(VLOOKUP(A5,'02_Recommendation_Attrs'!$A$2:$W$100,23,FALSE),FALSE) -> FALSE | T5: DRAFT | U5: PDB_v0.1 | V5: 쿠션/장거리 | W5: 쿠셔닝 중심의 편안한 데일리·장거리용. 부드러운 착지감과 보호감을 선호하는 러너에게 적합. | X5: CATEGORY_OR_SHARED_URL;DIRECT_IMAGE_URL_NOT_VERIFIED | Y5: 2026-08-28
A6: GM-NK-STRUCTURE-26 | B6: Nike | C6: 나이키 | D6: Structure | E6: Structure | F6: 26 | G6: Nike Structure 26 | H6: KR | I6: KRW | J6: CURRENT | K6: TRUE | L6: https://www.nike.com/kr/w/structure-running-shoes-1sytgz37v7jzy7ok | N6: https://www.nike.com/kr/w/structure-running-shoes-1sytgz37v7jzy7ok | O6: 169000 | P6: Structure 26 169,000원 / Structure Plus 209,000~219,000원 | Q6: 2026-07-01 | R6: TRUE | S6: =AND(H6="KR",K6=TRUE,O6<>"",IFERROR(VLOOKUP(A6,'02_Recommendation_Attrs'!$A$2:$W$100,23,FALSE),FALSE),IFERROR(VLOOKUP(A6,'05_v0.2_Benchmark'!$A$2:$AC$31,29,FALSE),FALSE)) -> TRUE | T6: VERIFIED | U6: PDB_v0.2 | V6: 안정화 | W6: 안정성 중심 데일리 러닝화. 발이 안쪽으로 무너지는 느낌이 있거나 안정감을 원하는 러너에게 적합. | X6: CATEGORY_OR_SHARED_URL;DIRECT_IMAGE_URL_NOT_VERIFIED | Y6: 2026-08-28
A7: GM-NK-STRUCTURE-PLUS-BASE | B7: Nike | C7: 나이키 | D7: Structure | E7: Structure Plus | G7: Nike Structure Plus | H7: KR | I7: KRW | J7: CURRENT | K7: TRUE | L7: https://www.nike.com/kr/w/structure-running-shoes-1sytgz37v7jzy7ok | N7: https://www.nike.com/kr/w/structure-running-shoes-1sytgz37v7jzy7ok | P7: Structure 26 169,000원 / Structure Plus 209,000~219,000원 | Q7: 2026-07-01 | R7: FALSE | S7: =IFERROR(VLOOKUP(A7,'02_Recommendation_Attrs'!$A$2:$W$100,23,FALSE),FALSE) -> FALSE | T7: DRAFT | U7: PDB_v0.1 | V7: 안정화 | W7: 안정성 중심 데일리 러닝화. 발이 안쪽으로 무너지는 느낌이 있거나 안정감을 원하는 러너에게 적합. | X7: EXACT_MSRP_MISSING;CATEGORY_OR_SHARED_URL;DIRECT_IMAGE_URL_NOT_VERIFIED | Y7: 2026-08-28
A8: GM-NK-ZOOM-FLY-6 | B8: Nike | C8: 나이키 | D8: Zoom Fly | E8: Zoom Fly | F8: 6 | G8: Nike Zoom Fly 6 | H8: KR | I8: KRW | J8: CURRENT | K8: TRUE | L8: https://www.nike.com/kr/w/zoom-fly-running-shoes-37v7jz7oc5azy7ok | N8: https://www.nike.com/kr/w/zoom-fly-running-shoes-37v7jz7oc5azy7ok | P8: 209,000~229,000원 | Q8: 2026-07-01 | R8: FALSE | S8: =IFERROR(VLOOKUP(A8,'02_Recommendation_Attrs'!$A$2:$W$100,23,FALSE),FALSE) -> FALSE | T8: DRAFT | U8: PDB_v0.1 | V8: 템포/스피드훈련 | W8: 템포·레이싱 훈련용. 반발력과 추진감을 활용해 빠른 페이스 훈련에 적합. | X8: EXACT_MSRP_MISSING;DIRECT_IMAGE_URL_NOT_VERIFIED | Y8: 2026-08-28
A9: GM-NK-ALPHAFLY-3 | B9: Nike | C9: 나이키 | D9: Alphafly | E9: Alphafly | F9: 3 | G9: Nike Alphafly 3 | H9: KR | I9: KRW | J9: CURRENT | K9: TRUE | L9: https://www.nike.com/kr/w/alphafly-1tp17z38l5kz77ghy | N9: https://www.nike.com/kr/w/alphafly-1tp17z38l5kz77ghy | P9: 339,000~359,000원 | Q9: 2026-07-01 | R9: FALSE | S9: =IFERROR(VLOOKUP(A9,'02_Recommendation_Attrs'!$A$2:$W$100,23,FALSE),FALSE) -> FALSE | T9: DRAFT | U9: PDB_v0.1 | V9: 레이스/카본 | W9: 레이스용 최상급 카본 슈즈. 마라톤 기록 단축과 대회용 목적에 적합. | X9: EXACT_MSRP_MISSING;DIRECT_IMAGE_URL_NOT_VERIFIED | Y9: 2026-08-28
A10: GM-AD-ULTRABOOST-5X | B10: adidas | C10: 아디다스 | D10: Ultraboost | E10: Ultraboost | F10: 5X | G10: adidas Ultraboost 5X | H10: KR | I10: KRW | J10: CURRENT | K10: TRUE | L10: https://www.adidas.co.kr/ultraboost | N10: https://www.adidas.co.kr/ultraboost | P10: 정가 199,000~329,000원 / 일부 세일 153,300원~ | Q10: 2026-07-02 | R10: FALSE | S10: =IFERROR(VLOOKUP(A10,'02_Recommendation_Attrs'!$A$2:$W$100,23,FALSE),FALSE) -> FALSE | T10: DRAFT | U10: PDB_v0.1 | V10: 쿠션/라이프스타일 | W10: 프리미엄 쿠션과 일상 겸용성이 강한 라인. 장거리·회복 러닝과 라이프스타일 겸용에 적합. | X10: EXACT_MSRP_MISSING;CATEGORY_OR_SHARED_URL;DIRECT_IMAGE_URL_NOT_VERIFIED | Y10: 2026-08-28
A11: GM-AD-ULTRABOOST-1-0-ATR-BASE | B11: adidas | C11: 아디다스 | D11: Ultraboost | E11: Ultraboost 1.0 ATR | G11: adidas Ultraboost 1.0 ATR | H11: KR | I11: KRW | J11: CURRENT | K11: TRUE | L11: https://www.adidas.co.kr/ultraboost | N11: https://www.adidas.co.kr/ultraboost | P11: 정가 199,000~329,000원 / 일부 세일 153,300원~ | Q11: 2026-07-02 | R11: FALSE | S11: =IFERROR(VLOOKUP(A11,'02_Recommendation_Attrs'!$A$2:$W$100,23,FALSE),FALSE) -> FALSE | T11: DRAFT | U11: PDB_v0.1 | V11: 쿠션/라이프스타일 | W11: 프리미엄 쿠션과 일상 겸용성이 강한 라인. 장거리·회복 러닝과 라이프스타일 겸용에 적합. | X11: EXACT_MSRP_MISSING;CATEGORY_OR_SHARED_URL;DIRECT_IMAGE_URL_NOT_VERIFIED | Y11: 2026-08-28
A12: GM-AD-SUPERNOVA-RISE-3 | B12: adidas | C12: 아디다스 | D12: Supernova | E12: Supernova Rise | F12: 3 | G12: adidas Supernova Rise 3 | H12: KR | I12: KRW | J12: CURRENT | K12: TRUE | L12: https://www.adidas.co.kr/supernova-running-shoes | N12: https://www.adidas.co.kr/supernova-running-shoes | O12: 159000 | P12: Supernova Rise 3 159,000원 / Ease 99,000~119,000원 / 협업 모델 189,000원 | Q12: 2026-07-01 | R12: TRUE | S12: =AND(H12="KR",K12=TRUE,O12<>"",IFERROR(VLOOKUP(A12,'02_Recommendation_Attrs'!$A$2:$W$100,23,FALSE),FALSE),IFERROR(VLOOKUP(A12,'05_v0.2_Benchmark'!$A$2:$AC$31,29,FALSE),FALSE)) -> TRUE | T12: VERIFIED | U12: PDB_v0.2 | V12: 데일리/입문 | W12: 입문자부터 일반 러너까지 편안함과 안정감을 중시하는 데일리 러닝화. | X12: CATEGORY_OR_SHARED_URL;DIRECT_IMAGE_URL_NOT_VERIFIED | Y12: 2026-08-28
A13: GM-AD-SUPERNOVA-EASE-BASE | B13: adidas | C13: 아디다스 | D13: Supernova | E13: Supernova Ease | G13: adidas Supernova Ease | H13: KR | I13: KRW | J13: CURRENT | K13: TRUE | L13: https://www.adidas.co.kr/supernova-running-shoes | N13: https://www.adidas.co.kr/supernova-running-shoes | P13: Supernova Rise 3 159,000원 / Ease 99,000~119,000원 / 협업 모델 189,000원 | Q13: 2026-07-01 | R13: FALSE | S13: =IFERROR(VLOOKUP(A13,'02_Recommendation_Attrs'!$A$2:$W$100,23,FALSE),FALSE) -> FALSE | T13: DRAFT | U13: PDB_v0.1 | V13: 데일리/입문 | W13: 입문자부터 일반 러너까지 편안함과 안정감을 중시하는 데일리 러닝화. | X13: EXACT_MSRP_MISSING;CATEGORY_OR_SHARED_URL;DIRECT_IMAGE_URL_NOT_VERIFIED | Y13: 2026-08-28
A14: GM-AD-ADIZERO-SL-2 | B14: adidas | C14: 아디다스 | D14: Adizero | E14: Adizero SL | F14: 2 | G14: adidas Adizero SL 2 | H14: KR | I14: KRW | J14: CURRENT | K14: TRUE | L14: https://www.adidas.co.kr/men-adizero-running | N14: https://www.adidas.co.kr/men-adizero-running | O14: 149000 | P14: Adizero SL 2 149,000원 / EVO SL 209,000원 / Adios Pro 4 299,000원 | Q14: 2026-07-02 | R14: TRUE | S14: =AND(H14="KR",K14=TRUE,O14<>"",IFERROR(VLOOKUP(A14,'02_Recommendation_Attrs'!$A$2:$W$100,23,FALSE),FALSE),IFERROR(VLOOKUP(A14,'05_v0.2_Benchmark'!$A$2:$AC$31,29,FALSE),FALSE)) -> TRUE | T14: VERIFIED | U14: PDB_v0.2 | V14: 템포/레이스 | W14: 경량·반응성·속도 중심. SL 2는 빠른 데일리/훈련, EVO SL은 템포·스피드 훈련, Adios Pro 4는 레이스용으로 적합. | X14: CATEGORY_OR_SHARED_URL;DIRECT_IMAGE_URL_NOT_VERIFIED | Y14: 2026-08-28
A15: GM-AD-ADIZERO-EVO-SL-BASE | B15: adidas | C15: 아디다스 | D15: Adizero | E15: Adizero EVO SL | G15: adidas Adizero EVO SL | H15: KR | I15: KRW | J15: CURRENT | K15: TRUE | L15: https://www.adidas.co.kr/men-adizero-running | N15: https://www.adidas.co.kr/men-adizero-running | O15: 209000 | P15: Adizero SL 2 149,000원 / EVO SL 209,000원 / Adios Pro 4 299,000원 | Q15: 2026-07-02 | R15: TRUE | S15: =AND(H15="KR",K15=TRUE,O15<>"",IFERROR(VLOOKUP(A15,'02_Recommendation_Attrs'!$A$2:$W$100,23,FALSE),FALSE),IFERROR(VLOOKUP(A15,'05_v0.2_Benchmark'!$A$2:$AC$31,29,FALSE),FALSE)) -> TRUE | T15: VERIFIED | U15: PDB_v0.2 | V15: 템포/레이스 | W15: 경량·반응성·속도 중심. SL 2는 빠른 데일리/훈련, EVO SL은 템포·스피드 훈련, Adios Pro 4는 레이스용으로 적합. | X15: CATEGORY_OR_SHARED_URL;DIRECT_IMAGE_URL_NOT_VERIFIED | Y15: 2026-08-28
A16: GM-AD-ADIZERO-ADIOS-PRO-4 | B16: adidas | C16: 아디다스 | D16: Adizero | E16: Adizero Adios Pro | F16: 4 | G16: adidas Adizero Adios Pro 4 | H16: KR | I16: KRW | J16: CURRENT | K16: TRUE | L16: https://www.adidas.co.kr/men-adizero-running | N16: https://www.adidas.co.kr/men-adizero-running | O16: 299000 | P16: Adizero SL 2 149,000원 / EVO SL 209,000원 / Adios Pro 4 299,000원 | Q16: 2026-07-02 | R16: TRUE | S16: =AND(H16="KR",K16=TRUE,O16<>"",IFERROR(VLOOKUP(A16,'02_Recommendation_Attrs'!$A$2:$W$100,23,FALSE),FALSE),IFERROR(VLOOKUP(A16,'05_v0.2_Benchmark'!$A$2:$AC$31,29,FALSE),FALSE)) -> TRUE | T16: VERIFIED | U16: PDB_v0.2 | V16: 템포/레이스 | W16: 경량·반응성·속도 중심. SL 2는 빠른 데일리/훈련, EVO SL은 템포·스피드 훈련, Adios Pro 4는 레이스용으로 적합. | X16: CATEGORY_OR_SHARED_URL;DIRECT_IMAGE_URL_NOT_VERIFIED | Y16: 2026-08-28
A17: GM-AD-DURAMO-SL-2 | B17: adidas | C17: 아디다스 | D17: Duramo | E17: Duramo SL | F17: 2 | G17: adidas Duramo SL 2 | H17: KR | I17: KRW | J17: CURRENT | K17: TRUE | L17: https://www.adidas.co.kr/duramo | N17: https://www.adidas.co.kr/duramo | O17: 79000 | P17: Duramo SL 79,000원 / Duramo Speed 2 99,000원 | Q17: 2026-07-01 | R17: TRUE | S17: =AND(H17="KR",K17=TRUE,O17<>"",IFERROR(VLOOKUP(A17,'02_Recommendation_Attrs'!$A$2:$W$100,23,FALSE),FALSE),IFERROR(VLOOKUP(A17,'05_v0.2_Benchmark'!$A$2:$AC$31,29,FALSE),FALSE)) -> FALSE | T17: DRAFT | U17: PDB_v0.2 | V17: 가성비/입문 | W17: 가성비 입문용. 기본 쿠션, 통기성, 부담 없는 가격대가 강점. | X17: CATEGORY_OR_SHARED_URL;DIRECT_IMAGE_URL_NOT_VERIFIED | Y17: 2026-08-28
A18: GM-AD-DURAMO-SPEED-2 | B18: adidas | C18: 아디다스 | D18: Duramo | E18: Duramo Speed | F18: 2 | G18: adidas Duramo Speed 2 | H18: KR | I18: KRW | J18: CURRENT | K18: TRUE | L18: https://www.adidas.co.kr/duramo | N18: https://www.adidas.co.kr/duramo | O18: 99000 | P18: Duramo SL 79,000원 / Duramo Speed 2 99,000원 | Q18: 2026-07-01 | R18: FALSE | S18: =IFERROR(VLOOKUP(A18,'02_Recommendation_Attrs'!$A$2:$W$100,23,FALSE),FALSE) -> FALSE | T18: DRAFT | U18: PDB_v0.1 | V18: 가성비/입문 | W18: 가성비 입문용. 기본 쿠션, 통기성, 부담 없는 가격대가 강점. | X18: CATEGORY_OR_SHARED_URL;DIRECT_IMAGE_URL_NOT_VERIFIED | Y18: 2026-08-28
A19: GM-NB-FRESH-FOAM-X-1080-V15 | B19: New Balance | C19: 뉴발란스 | D19: 1080 | E19: Fresh Foam X 1080 | F19: v15 | G19: New Balance Fresh Foam X 1080 v15 | H19: KR | I19: KRW | J19: CURRENT | K19: TRUE | L19: https://pay.nbkorea.com/product/productDetail.action?colCode=19&styleCode=NBPFGS102T | N19: https://pay.nbkorea.com/product/productDetail.action?colCode=19&styleCode=NBPFGS102T | O19: 209000 | P19: 209,000원 | Q19: 2026-07-02 | R19: TRUE | S19: =AND(H19="KR",K19=TRUE,O19<>"",IFERROR(VLOOKUP(A19,'02_Recommendation_Attrs'!$A$2:$W$100,23,FALSE),FALSE),IFERROR(VLOOKUP(A19,'05_v0.2_Benchmark'!$A$2:$AC$31,29,FALSE),FALSE)) -> TRUE | T19: VERIFIED | U19: PDB_v0.2 | V19: 쿠션/장거리 | W19: 최상급 쿠셔닝 데일리·장거리용. 부드러운 착화감과 편안한 발구름 중심. | X19: DIRECT_IMAGE_URL_NOT_VERIFIED | Y19: 2026-08-28
A20: GM-NB-FRESH-FOAM-X-880-V15 | B20: New Balance | C20: 뉴발란스 | D20: 880 | E20: Fresh Foam X 880 | F20: v15 | G20: New Balance Fresh Foam X 880 v15 | H20: KR | I20: KRW | J20: CURRENT | K20: TRUE | L20: https://pay.nbkorea.com/product/productDetail.action?colCode=19&styleCode=NBPFGS107T | N20: https://pay.nbkorea.com/product/productDetail.action?colCode=19&styleCode=NBPFGS107T | O20: 189000 | P20: 189,000원 | Q20: 2026-07-02 | R20: TRUE | S20: =AND(H20="KR",K20=TRUE,O20<>"",IFERROR(VLOOKUP(A20,'02_Recommendation_Attrs'!$A$2:$W$100,23,FALSE),FALSE),IFERROR(VLOOKUP(A20,'05_v0.2_Benchmark'!$A$2:$AC$31,29,FALSE),FALSE)) -> TRUE | T20: VERIFIED | U20: PDB_v0.2 | V20: 데일리/중립 | W20: 중립 데일리 트레이너. 1080보다 조금 더 밀도 있고 안정적인 쿠션을 선호하는 러너에게 적합. | X20: DIRECT_IMAGE_URL_NOT_VERIFIED | Y20: 2026-08-28
A21: GM-NB-FRESH-FOAM-X-860-V15 | B21: New Balance | C21: 뉴발란스 | D21: 860 | E21: Fresh Foam X 860 | F21: v15 | G21: New Balance Fresh Foam X 860 v15 | H21: KR | I21: KRW | J21: CURRENT | K21: TRUE | L21: https://pay.nbkorea.com/product/productDetail.action?colCode=19&styleCode=NBPFGS109K | N21: https://pay.nbkorea.com/product/productDetail.action?colCode=19&styleCode=NBPFGS109K | O21: 189000 | P21: 189,000원 | Q21: 2026-07-02 | R21: TRUE | S21: =AND(H21="KR",K21=TRUE,O21<>"",IFERROR(VLOOKUP(A21,'02_Recommendation_Attrs'!$A$2:$W$100,23,FALSE),FALSE),IFERROR(VLOOKUP(A21,'05_v0.2_Benchmark'!$A$2:$AC$31,29,FALSE),FALSE)) -> TRUE | T21: VERIFIED | U21: PDB_v0.2 | V21: 안정화 | W21: 안정화 러닝화. 과내전 보정과 지지감이 필요한 러너에게 적합. | X21: DIRECT_IMAGE_URL_NOT_VERIFIED | Y21: 2026-08-28
A22: GM-NB-FUELCELL-SUPERCOMP-ELITE-V5 | B22: New Balance | C22: 뉴발란스 | D22: SC Elite | E22: FuelCell SuperComp Elite | F22: v5 | G22: New Balance FuelCell SuperComp Elite v5 | H22: KR | I22: KRW | J22: CURRENT | K22: TRUE | L22: https://www.lotteimall.com/goods/viewGoodsDetail.lotte?goods_no=3083436989&gad_source=1&gad_campaignid=16158532513&gclid=EAIaIQobChMIrJHZ8ey_lQMVwtYWBR2JrTF9EAYYASABEgLORvD_BwE&gbraid=0AAAAADuYO-SDPnQA8IA9eUOL6kptFEVYT&chl_dtl_no=&chl_no=169230 | N22: https://www.lotteimall.com/goods/viewGoodsDetail.lotte?goods_no=3083436989&gad_source=1&gad_campaignid=16158532513&gclid=EAIaIQobChMIrJHZ8ey_lQMVwtYWBR2JrTF9EAYYASABEgLORvD_BwE&gbraid=0AAAAADuYO-SDPnQA8IA9eUOL6kptFEVYT&chl_dtl_no=&chl_no=169230 | O22: 349000 | P22: 349,000원 | Q22: 2026-07-02 | R22: TRUE | S22: =AND(H22="KR",K22=TRUE,O22<>"",IFERROR(VLOOKUP(A22,'02_Recommendation_Attrs'!$A$2:$W$100,23,FALSE),FALSE),IFERROR(VLOOKUP(A22,'05_v0.2_Benchmark'!$A$2:$AC$31,29,FALSE),FALSE)) -> TRUE | T22: VERIFIED | U22: PDB_v0.2 | V22: 레이스/카본 | W22: 카본 레이싱화. 10km~마라톤 PB 도전, 기록 단축 목적의 상급 러너에게 적합. | X22: DIRECT_IMAGE_URL_NOT_VERIFIED | Y22: 2026-08-28
A23: GM-HK-CLIFTON-10 | B23: HOKA | C23: 호카 | D23: Clifton | E23: Clifton | F23: 10 | G23: HOKA Clifton 10 | H23: US | I23: USD | J23: CURRENT | K23: FALSE | L23: https://www.hoka.com/en/us/mens-road/ | N23: https://www.hoka.com/en/us/mens-road/ | O23: 155 | P23: $155 전후 | Q23: 2026-07-02 | R23: FALSE | S23: =IFERROR(VLOOKUP(A23,'02_Recommendation_Attrs'!$A$2:$W$100,23,FALSE),FALSE) -> FALSE | T23: DRAFT | U23: PDB_v0.1 | V23: 데일리/올라운드 | W23: 데일리 올라운드. 가볍고 부드러운 쿠셔닝, 조깅·이지런·걷기 겸용에 적합. | X23: KR_SALE_NOT_CONFIRMED_IN_SOURCE;CATEGORY_OR_SHARED_URL;DIRECT_IMAGE_URL_NOT_VERIFIED | Y23: 2026-08-28
A24: GM-HK-BONDI-9 | B24: HOKA | C24: 호카 | D24: Bondi | E24: Bondi | F24: 9 | G24: HOKA Bondi 9 | H24: US | I24: USD | J24: CURRENT | K24: FALSE | L24: https://www.hoka.com/en/us/mens-road/ | N24: https://www.hoka.com/en/us/mens-road/ | O24: 175 | P24: $175 전후 | Q24: 2026-07-02 | R24: FALSE | S24: =IFERROR(VLOOKUP(A24,'02_Recommendation_Attrs'!$A$2:$W$100,23,FALSE),FALSE) -> FALSE | T24: DRAFT | U24: PDB_v0.1 | V24: 맥스쿠션/워킹 | W24: 맥시 쿠셔닝 중심. 충격 흡수와 편안함을 크게 중시하는 러너·워킹 사용자에게 적합. | X24: KR_SALE_NOT_CONFIRMED_IN_SOURCE;CATEGORY_OR_SHARED_URL;DIRECT_IMAGE_URL_NOT_VERIFIED | Y24: 2026-08-28
A25: GM-HK-ARAHI-8 | B25: HOKA | C25: 호카 | D25: Arahi | E25: Arahi | F25: 8 | G25: HOKA Arahi 8 | H25: US | I25: USD | J25: CURRENT | K25: FALSE | L25: https://www.hoka.com/en/us/mens-road/ | N25: https://www.hoka.com/en/us/mens-road/ | O25: 150 | P25: $150 전후 | Q25: 2026-07-02 | R25: FALSE | S25: =IFERROR(VLOOKUP(A25,'02_Recommendation_Attrs'!$A$2:$W$100,23,FALSE),FALSE) -> FALSE | T25: DRAFT | U25: PDB_v0.1 | V25: 안정화 | W25: 안정화 러닝화. 과내전 보정과 안정성을 원하되 쿠션감도 원하는 러너에게 적합. | X25: KR_SALE_NOT_CONFIRMED_IN_SOURCE;CATEGORY_OR_SHARED_URL;DIRECT_IMAGE_URL_NOT_VERIFIED | Y25: 2026-08-28
A26: GM-HK-MACH-7 | B26: HOKA | C26: 호카 | D26: Mach | E26: Mach | F26: 7 | G26: HOKA Mach 7 | H26: US | I26: USD | J26: CURRENT | K26: FALSE | L26: https://www.hoka.com/en/us/mens-road/ | N26: https://www.hoka.com/en/us/mens-road/ | O26: 145 | P26: $145 전후 | Q26: 2026-07-02 | R26: FALSE | S26: =IFERROR(VLOOKUP(A26,'02_Recommendation_Attrs'!$A$2:$W$100,23,FALSE),FALSE) -> FALSE | T26: DRAFT | U26: PDB_v0.1 | V26: 템포/스피드훈련 | W26: 템포·스피드 훈련용. 반응성과 가벼운 추진감이 강점인 빠른 데일리 트레이너. | X26: KR_SALE_NOT_CONFIRMED_IN_SOURCE;CATEGORY_OR_SHARED_URL;DIRECT_IMAGE_URL_NOT_VERIFIED | Y26: 2026-08-28
A27: GM-HK-CIELO-X1-3_0 | B27: HOKA | C27: 호카 | D27: Cielo X1 | E27: Cielo X1 | F27: 3.0 | G27: HOKA Cielo X1 3.0 | H27: US | I27: USD | J27: CURRENT | K27: FALSE | L27: https://www.hoka.com/en/us/mens-road/ | N27: https://www.hoka.com/en/us/mens-road/ | O27: 275 | P27: $275 전후 | Q27: 2026-07-02 | R27: FALSE | S27: =IFERROR(VLOOKUP(A27,'02_Recommendation_Attrs'!$A$2:$W$100,23,FALSE),FALSE) -> FALSE | T27: DRAFT | U27: PDB_v0.1 | V27: 레이스/카본 | W27: 레이스용 고성능 카본 라인. 강한 반발력과 속도 지향, 대회·기록 목적에 적합. | X27: KR_SALE_NOT_CONFIRMED_IN_SOURCE;CATEGORY_OR_SHARED_URL;DIRECT_IMAGE_URL_NOT_VERIFIED | Y27: 2026-08-28
A28: GM-AS-GEL-KAYANO-33 | B28: ASICS | C28: 아식스 | D28: GEL-KAYANO | E28: GEL-KAYANO | F28: 33 | G28: ASICS GEL-KAYANO 33 | H28: KR | I28: KRW | J28: CURRENT | K28: TRUE | L28: https://www.asics.co.kr/c/m-running-shoes | N28: https://www.asics.co.kr/c/m-running-shoes | O28: 199000 | P28: 199,000원 | Q28: 2026-07-02 | R28: TRUE | S28: =AND(H28="KR",K28=TRUE,O28<>"",IFERROR(VLOOKUP(A28,'02_Recommendation_Attrs'!$A$2:$W$100,23,FALSE),FALSE),IFERROR(VLOOKUP(A28,'05_v0.2_Benchmark'!$A$2:$AC$31,29,FALSE),FALSE)) -> TRUE | T28: VERIFIED | U28: PDB_v0.2 | V28: 안정화 | W28: 안정화 대표 모델. 지지력과 안정성을 중시하는 러너, 장거리에서 발 흔들림을 줄이고 싶은 러너에게 적합. | X28: CATEGORY_OR_SHARED_URL;DIRECT_IMAGE_URL_NOT_VERIFIED | Y28: 2026-08-28
A29: GM-AS-GEL-KAYANO-32 | B29: ASICS | C29: 아식스 | D29: GEL-KAYANO | E29: GEL-KAYANO | F29: 32 | G29: ASICS GEL-KAYANO 32 | H29: KR | I29: KRW | J29: UNKNOWN | K29: TRUE | L29: https://www.asics.co.kr/c/m-running-shoes | N29: https://www.asics.co.kr/c/m-running-shoes | O29: 199000 | P29: 199,000원 | Q29: 2026-07-02 | R29: FALSE | S29: =IFERROR(VLOOKUP(A29,'02_Recommendation_Attrs'!$A$2:$W$100,23,FALSE),FALSE) -> FALSE | T29: DRAFT | U29: PDB_v0.1 | V29: 안정화 | W29: 안정화 대표 모델. 지지력과 안정성을 중시하는 러너, 장거리에서 발 흔들림을 줄이고 싶은 러너에게 적합. | X29: CATEGORY_OR_SHARED_URL;DIRECT_IMAGE_URL_NOT_VERIFIED | Y29: 2026-08-28
A30: GM-AS-GEL-NIMBUS-28 | B30: ASICS | C30: 아식스 | D30: GEL-NIMBUS | E30: GEL-NIMBUS | F30: 28 | G30: ASICS GEL-NIMBUS 28 | H30: KR | I30: KRW | J30: CURRENT | K30: TRUE | L30: https://www.asics.co.kr/c/m-running-shoes | N30: https://www.asics.co.kr/c/m-running-shoes | O30: 199000 | P30: 199,000원 | Q30: 2026-07-02 | R30: TRUE | S30: =AND(H30="KR",K30=TRUE,O30<>"",IFERROR(VLOOKUP(A30,'02_Recommendation_Attrs'!$A$2:$W$100,23,FALSE),FALSE),IFERROR(VLOOKUP(A30,'05_v0.2_Benchmark'!$A$2:$AC$31,29,FALSE),FALSE)) -> TRUE | T30: VERIFIED | U30: PDB_v0.2 | V30: 쿠션/장거리 | W30: 맥스 쿠션화. 부드러운 착지감과 편안함 중심, 장거리·데일리 러닝에 적합. | X30: CATEGORY_OR_SHARED_URL;DIRECT_IMAGE_URL_NOT_VERIFIED | Y30: 2026-08-28
A31: GM-AS-NOVABLAST-5 | B31: ASICS | C31: 아식스 | D31: NOVABLAST | E31: NOVABLAST | F31: 5 | G31: ASICS NOVABLAST 5 | H31: KR | I31: KRW | J31: CURRENT | K31: TRUE | L31: https://www.asics.co.kr/c/m-running-shoes | N31: https://www.asics.co.kr/c/m-running-shoes | O31: 169000 | P31: 169,000원부터 | Q31: 2026-07-02 | R31: TRUE | S31: =AND(H31="KR",K31=TRUE,O31<>"",IFERROR(VLOOKUP(A31,'02_Recommendation_Attrs'!$A$2:$W$100,23,FALSE),FALSE),IFERROR(VLOOKUP(A31,'05_v0.2_Benchmark'!$A$2:$AC$31,29,FALSE),FALSE)) -> TRUE | T31: VERIFIED | U31: PDB_v0.2 | V31: 데일리/반발 | W31: 반발감이 좋은 바운싱 계열. 데일리 러닝에 재미있는 러닝감을 더하고 싶은 중립 러너에게 적합. | X31: CATEGORY_OR_SHARED_URL;DIRECT_IMAGE_URL_NOT_VERIFIED | Y31: 2026-08-28
A32: GM-AS-SUPERBLAST-2 | B32: ASICS | C32: 아식스 | D32: SUPERBLAST | E32: SUPERBLAST | F32: 2 | G32: ASICS SUPERBLAST 2 | H32: KR | I32: KRW | J32: UNKNOWN | K32: TRUE | L32: https://www.asics.co.kr/c/m-running-shoes | N32: https://www.asics.co.kr/c/m-running-shoes | O32: 249000 | P32: SUPERBLAST 2 249,000원 / SUPERBLAST 3 259,000원 | Q32: 2026-07-02 | R32: FALSE | S32: =IFERROR(VLOOKUP(A32,'02_Recommendation_Attrs'!$A$2:$W$100,23,FALSE),FALSE) -> FALSE | T32: DRAFT | U32: PDB_v0.1 | V32: 슈퍼트레이너 | W32: 무카본 슈퍼트레이너 성격. 장거리 훈련, 템포, 다목적 활용에 강함. | X32: CATEGORY_OR_SHARED_URL;DIRECT_IMAGE_URL_NOT_VERIFIED | Y32: 2026-08-28
A33: GM-AS-SUPERBLAST-3 | B33: ASICS | C33: 아식스 | D33: SUPERBLAST | E33: SUPERBLAST | F33: 3 | G33: ASICS SUPERBLAST 3 | H33: KR | I33: KRW | J33: CURRENT | K33: TRUE | L33: https://www.asics.co.kr/c/m-running-shoes | N33: https://www.asics.co.kr/c/m-running-shoes | O33: 259000 | P33: SUPERBLAST 2 249,000원 / SUPERBLAST 3 259,000원 | Q33: 2026-07-02 | R33: TRUE | S33: =AND(H33="KR",K33=TRUE,O33<>"",IFERROR(VLOOKUP(A33,'02_Recommendation_Attrs'!$A$2:$W$100,23,FALSE),FALSE),IFERROR(VLOOKUP(A33,'05_v0.2_Benchmark'!$A$2:$AC$31,29,FALSE),FALSE)) -> TRUE | T33: VERIFIED | U33: PDB_v0.2 | V33: 슈퍼트레이너 | W33: 무카본 슈퍼트레이너 성격. 장거리 훈련, 템포, 다목적 활용에 강함. | X33: CATEGORY_OR_SHARED_URL;DIRECT_IMAGE_URL_NOT_VERIFIED | Y33: 2026-08-28
A34: GM-AS-METASPEED-SKY-TOKYO | B34: ASICS | C34: 아식스 | D34: METASPEED | E34: METASPEED SKY | F34: TOKYO | G34: ASICS METASPEED SKY TOKYO | H34: KR | I34: KRW | J34: CURRENT | K34: TRUE | L34: https://www.asics.co.kr/c/m-running-shoes | N34: https://www.asics.co.kr/c/m-running-shoes | O34: 329000 | P34: 329,000원 | Q34: 2026-07-02 | R34: TRUE | S34: =AND(H34="KR",K34=TRUE,O34<>"",IFERROR(VLOOKUP(A34,'02_Recommendation_Attrs'!$A$2:$W$100,23,FALSE),FALSE),IFERROR(VLOOKUP(A34,'05_v0.2_Benchmark'!$A$2:$AC$31,29,FALSE),FALSE)) -> TRUE | T34: VERIFIED | U34: PDB_v0.2 | V34: 레이스/카본 | W34: 레이스용 카본 계열. 기록 단축과 추진력 중심, 상급자 대회용에 적합. | X34: CATEGORY_OR_SHARED_URL;DIRECT_IMAGE_URL_NOT_VERIFIED | Y34: 2026-08-28
A35: GM-AS-METASPEED-EDGE-TOKYO | B35: ASICS | C35: 아식스 | D35: METASPEED | E35: METASPEED EDGE | F35: TOKYO | G35: ASICS METASPEED EDGE TOKYO | H35: KR | I35: KRW | J35: CURRENT | K35: TRUE | L35: https://www.asics.co.kr/c/m-running-shoes | N35: https://www.asics.co.kr/c/m-running-shoes | O35: 329000 | P35: 329,000원 | Q35: 2026-07-02 | R35: FALSE | S35: =IFERROR(VLOOKUP(A35,'02_Recommendation_Attrs'!$A$2:$W$100,23,FALSE),FALSE) -> FALSE | T35: DRAFT | U35: PDB_v0.1 | V35: 레이스/카본 | W35: 레이스용 카본 계열. 기록 단축과 추진력 중심, 상급자 대회용에 적합. | X35: CATEGORY_OR_SHARED_URL;DIRECT_IMAGE_URL_NOT_VERIFIED | Y35: 2026-08-28
A36: GM-AS-MAGIC-SPEED-5 | B36: ASICS | C36: 아식스 | D36: Magic Speed | E36: Magic Speed | F36: 5 | G36: ASICS Magic Speed 5 | H36: KR | I36: KRW | J36: CURRENT | K36: TRUE | L36: https://www.asics.co.kr/c/m-running-shoes | N36: https://www.asics.co.kr/c/m-running-shoes | O36: 209000 | P36: Magic Speed 4 199,000원 / Magic Speed 5 209,000원 | Q36: 2026-07-02 | R36: TRUE | S36: =AND(H36="KR",K36=TRUE,O36<>"",IFERROR(VLOOKUP(A36,'02_Recommendation_Attrs'!$A$2:$W$100,23,FALSE),FALSE),IFERROR(VLOOKUP(A36,'05_v0.2_Benchmark'!$A$2:$AC$31,29,FALSE),FALSE)) -> TRUE | T36: VERIFIED | U36: PDB_v0.2 | V36: 템포/스피드훈련 | W36: 가성비 카본·템포 성격. 레이스 입문과 스피드 훈련에 적합. | X36: CATEGORY_OR_SHARED_URL;DIRECT_IMAGE_URL_NOT_VERIFIED | Y36: 2026-08-28
A37: GM-AS-MAGIC-SPEED-4 | B37: ASICS | C37: 아식스 | D37: Magic Speed | E37: Magic Speed | F37: 4 | G37: ASICS Magic Speed 4 | H37: KR | I37: KRW | J37: UNKNOWN | K37: TRUE | L37: https://www.asics.co.kr/c/m-running-shoes | N37: https://www.asics.co.kr/c/m-running-shoes | O37: 199000 | P37: Magic Speed 4 199,000원 / Magic Speed 5 209,000원 | Q37: 2026-07-02 | R37: FALSE | S37: =IFERROR(VLOOKUP(A37,'02_Recommendation_Attrs'!$A$2:$W$100,23,FALSE),FALSE) -> FALSE | T37: DRAFT | U37: PDB_v0.1 | V37: 템포/스피드훈련 | W37: 가성비 카본·템포 성격. 레이스 입문과 스피드 훈련에 적합. | X37: CATEGORY_OR_SHARED_URL;DIRECT_IMAGE_URL_NOT_VERIFIED | Y37: 2026-08-28
A38: GM-SC-RIDE-19 | B38: Saucony | C38: 써코니 | D38: Ride | E38: Ride | F38: 19 | G38: Saucony Ride 19 | H38: KR | I38: KRW | J38: CURRENT | K38: TRUE | L38: https://saucony.co.kr/category/%EB%9D%BC%EC%9D%B4%EB%93%9C/114 | N38: https://saucony.co.kr/category/%EB%9D%BC%EC%9D%B4%EB%93%9C/114 | O38: 179000 | P38: 179,000원 | Q38: 2026-07-02 | R38: TRUE | S38: =AND(H38="KR",K38=TRUE,O38<>"",IFERROR(VLOOKUP(A38,'02_Recommendation_Attrs'!$A$2:$W$100,23,FALSE),FALSE),IFERROR(VLOOKUP(A38,'05_v0.2_Benchmark'!$A$2:$AC$31,29,FALSE),FALSE)) -> TRUE | T38: VERIFIED | U38: PDB_v0.2 | V38: 데일리/올라운드 | W38: 중립형 데일리 올라운드. 입문~중급 러너의 조깅, 기본 훈련, 일상적인 러닝에 적합. | X38: DIRECT_IMAGE_URL_NOT_VERIFIED | Y38: 2026-08-28
A39: GM-SC-TRIUMPH-23 | B39: Saucony | C39: 써코니 | D39: Triumph | E39: Triumph | F39: 23 | G39: Saucony Triumph 23 | H39: KR | I39: KRW | J39: CURRENT | K39: TRUE | L39: https://saucony.co.kr/product/%EC%97%AC%EC%84%B1-%ED%8A%B8%EB%9D%BC%EC%9D%B4%EC%97%84%ED%94%84-23-%EC%99%80%EC%9D%B4%EB%93%9C-vaporarctic/197/category/42/display/1/ | N39: https://saucony.co.kr/product/%EC%97%AC%EC%84%B1-%ED%8A%B8%EB%9D%BC%EC%9D%B4%EC%97%84%ED%94%84-23-%EC%99%80%EC%9D%B4%EB%93%9C-vaporarctic/197/category/42/display/1/ | O39: 199000 | P39: 199,000원 | Q39: 2026-07-02 | R39: TRUE | S39: =AND(H39="KR",K39=TRUE,O39<>"",IFERROR(VLOOKUP(A39,'02_Recommendation_Attrs'!$A$2:$W$100,23,FALSE),FALSE),IFERROR(VLOOKUP(A39,'05_v0.2_Benchmark'!$A$2:$AC$31,29,FALSE),FALSE)) -> TRUE | T39: VERIFIED | U39: PDB_v0.2 | V39: 쿠션/장거리 | W39: 프리미엄 쿠셔닝 중심. 장거리 러닝, 회복주, 부드러운 착지감을 원하는 러너에게 적합. | X39: DIRECT_IMAGE_URL_NOT_VERIFIED | Y39: 2026-08-28
A40: GM-SC-GUIDE-19 | B40: Saucony | C40: 써코니 | D40: Guide | E40: Guide | F40: 19 | G40: Saucony Guide 19 | H40: KR | I40: KRW | J40: CURRENT | K40: TRUE | L40: https://saucony.co.kr/product/list.html?cate_no=131 | N40: https://saucony.co.kr/product/list.html?cate_no=131 | O40: 179000 | P40: 179,000원 | Q40: 2026-07-02 | R40: TRUE | S40: =AND(H40="KR",K40=TRUE,O40<>"",IFERROR(VLOOKUP(A40,'02_Recommendation_Attrs'!$A$2:$W$100,23,FALSE),FALSE),IFERROR(VLOOKUP(A40,'05_v0.2_Benchmark'!$A$2:$AC$31,29,FALSE),FALSE)) -> TRUE | T40: VERIFIED | U40: PDB_v0.2 | V40: 안정화 | W40: 발의 흔들림을 줄이고 안정적인 착지를 돕는 라인. 과내전 성향이나 안정감을 원하는 러너에게 적합. | X40: DIRECT_IMAGE_URL_NOT_VERIFIED | Y40: 2026-08-28
A41: GM-SC-ENDORPHIN-SPEED-5 | B41: Saucony | C41: 써코니 | D41: Endorphin Speed | E41: Endorphin Speed | F41: 5 | G41: Saucony Endorphin Speed 5 | H41: KR | I41: KRW | J41: CURRENT | K41: TRUE | L41: https://saucony.co.kr/product/%EB%82%A8%EC%84%B1-%EC%97%94%EB%8F%8C%ED%95%80-%EC%8A%A4%ED%94%BC%EB%93%9C-5-%EC%99%80%EC%9D%B4%EB%93%9C-ivoryfire/217/ | N41: https://saucony.co.kr/product/%EB%82%A8%EC%84%B1-%EC%97%94%EB%8F%8C%ED%95%80-%EC%8A%A4%ED%94%BC%EB%93%9C-5-%EC%99%80%EC%9D%B4%EB%93%9C-ivoryfire/217/ | O41: 219000 | P41: 219,000원 | Q41: 2026-07-02 | R41: TRUE | S41: =AND(H41="KR",K41=TRUE,O41<>"",IFERROR(VLOOKUP(A41,'02_Recommendation_Attrs'!$A$2:$W$100,23,FALSE),FALSE),IFERROR(VLOOKUP(A41,'05_v0.2_Benchmark'!$A$2:$AC$31,29,FALSE),FALSE)) -> TRUE | T41: VERIFIED | U41: PDB_v0.2 | V41: 템포/스피드훈련 | W41: 업템포 훈련, 템포런, 빠른 장거리 훈련용. 나일론 플레이트 기반으로 반발성과 안정성을 함께 노림. | X41: DIRECT_IMAGE_URL_NOT_VERIFIED | Y41: 2026-08-28
A42: GM-SC-ENDORPHIN-PRO-5 | B42: Saucony | C42: 써코니 | D42: Endorphin Pro | E42: Endorphin Pro | F42: 5 | G42: Saucony Endorphin Pro 5 | H42: KR | I42: KRW | J42: CURRENT | K42: TRUE | L42: https://saucony.co.kr/product/detail.html?cate_no=54&display_group=1&product_no=305 | N42: https://saucony.co.kr/product/detail.html?cate_no=54&display_group=1&product_no=305 | O42: 299000 | P42: 299,000원 | Q42: 2026-07-02 | R42: TRUE | S42: =AND(H42="KR",K42=TRUE,O42<>"",IFERROR(VLOOKUP(A42,'02_Recommendation_Attrs'!$A$2:$W$100,23,FALSE),FALSE),IFERROR(VLOOKUP(A42,'05_v0.2_Benchmark'!$A$2:$AC$31,29,FALSE),FALSE)) -> TRUE | T42: VERIFIED | U42: PDB_v0.2 | V42: 레이스/카본 | W42: 카본 플레이트 기반 레이싱화. 마라톤·하프마라톤 등 기록 단축과 빠른 페이스 유지 목적. | X42: DIRECT_IMAGE_URL_NOT_VERIFIED | Y42: 2026-08-28
A43: GM-MZ-WAVE-RIDER-29 | B43: Mizuno | C43: 미즈노 | D43: Wave Rider | E43: Wave Rider | F43: 29 | G43: Mizuno Wave Rider 29 | H43: KR | I43: KRW | J43: CURRENT | K43: TRUE | L43: https://kor.mizuno.com/product/wave-rider-29/11353/ | N43: https://kor.mizuno.com/product/wave-rider-29/11353/ | O43: 169000 | P43: 169,000원 | Q43: 2026-07-02 | R43: TRUE | S43: =AND(H43="KR",K43=TRUE,O43<>"",IFERROR(VLOOKUP(A43,'02_Recommendation_Attrs'!$A$2:$W$100,23,FALSE),FALSE),IFERROR(VLOOKUP(A43,'05_v0.2_Benchmark'!$A$2:$AC$31,29,FALSE),FALSE)) -> TRUE | T43: VERIFIED | U43: PDB_v0.2 | V43: 데일리/올라운드 | W43: 미즈노 대표 데일리 러닝화. 쿠션과 안정적인 착지감의 균형이 좋아 기본 훈련용으로 적합. | X43: DIRECT_IMAGE_URL_NOT_VERIFIED | Y43: 2026-08-28
A44: GM-MZ-WAVE-INSPIRE-22 | B44: Mizuno | C44: 미즈노 | D44: Wave Inspire | E44: Wave Inspire | F44: 22 | G44: Mizuno Wave Inspire 22 | H44: KR | I44: KRW | J44: CURRENT | K44: TRUE | L44: https://kor.mizuno.com/product/wave-inspire-22/11361/ | N44: https://kor.mizuno.com/product/wave-inspire-22/11361/ | O44: 169000 | P44: 169,000원 | Q44: 2026-07-02 | R44: TRUE | S44: =AND(H44="KR",K44=TRUE,O44<>"",IFERROR(VLOOKUP(A44,'02_Recommendation_Attrs'!$A$2:$W$100,23,FALSE),FALSE),IFERROR(VLOOKUP(A44,'05_v0.2_Benchmark'!$A$2:$AC$31,29,FALSE),FALSE)) -> TRUE | T44: VERIFIED | U44: PDB_v0.2 | V44: 안정화 | W44: 지지감과 안정적인 착지 보조가 필요한 러너용. 과내전 성향 또는 안정성 선호자에게 적합. | X44: DIRECT_IMAGE_URL_NOT_VERIFIED | Y44: 2026-08-28
A45: GM-MZ-WAVE-SKY-9 | B45: Mizuno | C45: 미즈노 | D45: Wave Sky | E45: Wave Sky | F45: 9 | G45: Mizuno Wave Sky 9 | H45: KR | I45: KRW | J45: CURRENT | K45: TRUE | L45: https://kor.mizuno.com/product/wave-sky-9/10667/ | N45: https://kor.mizuno.com/product/wave-sky-9/10667/ | O45: 189000 | P45: 189,000원 | Q45: 2026-07-02 | R45: FALSE | S45: =IFERROR(VLOOKUP(A45,'02_Recommendation_Attrs'!$A$2:$W$100,23,FALSE),FALSE) -> FALSE | T45: DRAFT | U45: PDB_v0.1 | V45: 쿠션/장거리 | W45: 부드럽고 풍부한 쿠션 중심. 장거리 러닝, 회복주, 편안한 착지감 선호자에게 적합. | X45: DIRECT_IMAGE_URL_NOT_VERIFIED | Y45: 2026-08-28
A46: GM-MZ-WAVE-REBELLION-FLASH-3 | B46: Mizuno | C46: 미즈노 | D46: Wave Rebellion Flash | E46: Wave Rebellion Flash | F46: 3 | G46: Mizuno Wave Rebellion Flash 3 | H46: KR | I46: KRW | J46: CURRENT | K46: TRUE | L46: https://kor.mizuno.com/product/wave-rebellion-flash-3/10737 | N46: https://kor.mizuno.com/product/wave-rebellion-flash-3/10737 | O46: 199000 | P46: 199,000원 | Q46: 2026-07-02 | R46: TRUE | S46: =AND(H46="KR",K46=TRUE,O46<>"",IFERROR(VLOOKUP(A46,'02_Recommendation_Attrs'!$A$2:$W$100,23,FALSE),FALSE),IFERROR(VLOOKUP(A46,'05_v0.2_Benchmark'!$A$2:$AC$31,29,FALSE),FALSE)) -> TRUE | T46: VERIFIED | U46: PDB_v0.2 | V46: 템포/스피드훈련 | W46: 빠른 주행감 중심의 스피드 트레이너. 템포런, 인터벌, 레이스 전 훈련용으로 적합. | X46: DIRECT_IMAGE_URL_NOT_VERIFIED | Y46: 2026-08-28
A47: GM-MZ-WAVE-REBELLION-PRO-3 | B47: Mizuno | C47: 미즈노 | D47: Wave Rebellion Pro | E47: Wave Rebellion Pro | F47: 3 | G47: Mizuno Wave Rebellion Pro 3 | H47: KR | I47: KRW | J47: CURRENT | K47: TRUE | L47: https://kor.mizuno.com/product/wave-rebellion-pro-3/10605/ | N47: https://kor.mizuno.com/product/wave-rebellion-pro-3/10605/ | O47: 259000 | P47: 259,000원 | Q47: 2026-07-02 | R47: FALSE | S47: =IFERROR(VLOOKUP(A47,'02_Recommendation_Attrs'!$A$2:$W$100,23,FALSE),FALSE) -> FALSE | T47: DRAFT | U47: PDB_v0.1 | V47: 레이스/카본 | W47: 카본 레이싱화. 하프~풀마라톤 등 빠른 페이스와 기록 단축을 목표로 하는 상급자용. | X47: DIRECT_IMAGE_URL_NOT_VERIFIED | Y47: 2026-08-28
A48: GM-PM-VELOCITY-NITRO-4 | B48: PUMA | C48: 푸마 | D48: Velocity NITRO | E48: Velocity NITRO | F48: 4 | G48: PUMA Velocity NITRO 4 | H48: KR | I48: KRW | J48: CURRENT | K48: TRUE | L48: https://kr.puma.com/kr/ko/pd/%EB%B2%A8%EB%A1%9C%EC%8B%9C%ED%8B%B0-%EB%82%98%EC%9D%B4%ED%8A%B8%EB%A1%9C-4-%EC%9A%B0%EB%A8%BC%EC%8A%A4-%3Cbr%3Evelocity-nitro-4-wns/311141.html | N48: https://kr.puma.com/kr/ko/pd/%EB%B2%A8%EB%A1%9C%EC%8B%9C%ED%8B%B0-%EB%82%98%EC%9D%B4%ED%8A%B8%EB%A1%9C-4-%EC%9A%B0%EB%A8%BC%EC%8A%A4-%3Cbr%3Evelocity-nitro-4-wns/311141.html | O48: 179000 | P48: 125,300원(정가 179,000원) | Q48: 2026-07-02 | R48: TRUE | S48: =AND(H48="KR",K48=TRUE,O48<>"",IFERROR(VLOOKUP(A48,'02_Recommendation_Attrs'!$A$2:$W$100,23,FALSE),FALSE),IFERROR(VLOOKUP(A48,'05_v0.2_Benchmark'!$A$2:$AC$31,29,FALSE),FALSE)) -> TRUE | T48: VERIFIED | U48: PDB_v0.2 | V48: 데일리/올라운드 | W48: 입문~중급 러너용 데일리 트레이너. 쿠션, 반응성, 내구성의 균형이 좋고 짧은 거리부터 장거리까지 무난. | X48: DIRECT_IMAGE_URL_NOT_VERIFIED | Y48: 2026-08-28
A49: GM-PM-MAGMAX-NITRO-2 | B49: PUMA | C49: 푸마 | D49: MagMax NITRO | E49: MagMax NITRO | F49: 2 | G49: PUMA MagMax NITRO 2 | H49: KR | I49: KRW | J49: CURRENT | K49: TRUE | L49: https://kr.puma.com/kr/ko/search?q=%EB%A7%A4%EA%B7%B8%EB%A7%A5%EC%8A%A4&originalphrase=%EB%A7%A4%EA%B7%B8%EB%A7%A5%EC%8A%A4 | N49: https://kr.puma.com/kr/ko/search?q=%EB%A7%A4%EA%B7%B8%EB%A7%A5%EC%8A%A4&originalphrase=%EB%A7%A4%EA%B7%B8%EB%A7%A5%EC%8A%A4 | O49: 239000 | P49: 239,000원 | Q49: 2026-07-02 | R49: FALSE | S49: =IFERROR(VLOOKUP(A49,'02_Recommendation_Attrs'!$A$2:$W$100,23,FALSE),FALSE) -> FALSE | T49: DRAFT | U49: PDB_v0.1 | V49: 쿠션/장거리 | W49: 풍부한 NITROFOAM 쿠션 중심의 장거리·회복주 라인. 편안함과 충격 완화를 중시하는 러너에게 적합. | X49: DIRECT_IMAGE_URL_NOT_VERIFIED | Y49: 2026-08-28
A50: GM-PM-FOREVERRUN-NITRO-2-WIDE-BASE | B50: PUMA | C50: 푸마 | D50: ForeverRun NITRO | E50: ForeverRun NITRO 2 Wide | G50: PUMA ForeverRun NITRO 2 Wide | H50: KR | I50: KRW | J50: CURRENT | K50: TRUE | L50: https://kr.puma.com/kr/ko/pd/%ED%8F%AC%EC%97%90%EB%B2%84%EB%9F%B0-%EB%82%98%EC%9D%B4%ED%8A%B8%EB%A1%9C-2-%EC%99%80%EC%9D%B4%EB%93%9C-%3Cbr%3Eforeverrun-nitro-2-wide/311050.html | N50: https://kr.puma.com/kr/ko/pd/%ED%8F%AC%EC%97%90%EB%B2%84%EB%9F%B0-%EB%82%98%EC%9D%B4%ED%8A%B8%EB%A1%9C-2-%EC%99%80%EC%9D%B4%EB%93%9C-%3Cbr%3Eforeverrun-nitro-2-wide/311050.html | O50: 199000 | P50: 159,200원(정가 199,000원) | Q50: 2026-07-02 | R50: FALSE | S50: =IFERROR(VLOOKUP(A50,'02_Recommendation_Attrs'!$A$2:$W$100,23,FALSE),FALSE) -> FALSE | T50: DRAFT | U50: PDB_v0.1 | V50: 안정화 | W50: RunGuide 시스템과 넓은 플랫폼으로 안정적인 착지를 돕는 라인. 발 흔들림이 신경 쓰이는 러너에게 적합. | X50: DIRECT_IMAGE_URL_NOT_VERIFIED | Y50: 2026-08-28
A51: GM-PM-DEVIATE-NITRO-4 | B51: PUMA | C51: 푸마 | D51: Deviate NITRO | E51: Deviate NITRO | F51: 4 | G51: PUMA Deviate NITRO 4 | H51: KR | I51: KRW | J51: CURRENT | K51: TRUE | L51: https://kr.puma.com/kr/ko/pd/%EB%94%94%EB%B9%84%EC%97%90%EC%9D%B4%ED%8A%B8-%EB%82%98%EC%9D%B4%ED%8A%B8%EB%A1%9C-4-%3Cbr%3Edeviate-nitro-4/312123.html | N51: https://kr.puma.com/kr/ko/pd/%EB%94%94%EB%B9%84%EC%97%90%EC%9D%B4%ED%8A%B8-%EB%82%98%EC%9D%B4%ED%8A%B8%EB%A1%9C-4-%3Cbr%3Edeviate-nitro-4/312123.html | O51: 219000 | P51: 219,000원 | Q51: 2026-07-02 | R51: TRUE | S51: =AND(H51="KR",K51=TRUE,O51<>"",IFERROR(VLOOKUP(A51,'02_Recommendation_Attrs'!$A$2:$W$100,23,FALSE),FALSE),IFERROR(VLOOKUP(A51,'05_v0.2_Benchmark'!$A$2:$AC$31,29,FALSE),FALSE)) -> TRUE | T51: VERIFIED | U51: PDB_v0.2 | V51: 템포/스피드훈련 | W51: PWRPLATE와 NITROFOAM 기반의 슈퍼트레이너. 템포런, 빠른 장거리, 레이스 전 훈련에 적합. | X51: DIRECT_IMAGE_URL_NOT_VERIFIED | Y51: 2026-08-28
A52: GM-PM-FAST-R-NITRO-ELITE-3 | B52: PUMA | C52: 푸마 | D52: Fast-R NITRO Elite | E52: Fast-R NITRO Elite | F52: 3 | G52: PUMA Fast-R NITRO Elite 3 | H52: KR | I52: KRW | J52: CURRENT | K52: TRUE | L52: https://kr.puma.com/kr/ko/pd/%ED%8C%A8%EC%8A%A4%ED%8A%B8%EC%95%8C-%EB%82%98%EC%9D%B4%ED%8A%B8%EB%A1%9C-%EC%97%98%EB%A6%AC%ED%8A%B8-3-%3Cbr%3Efast-r-nitro-elite-3/312060.html | N52: https://kr.puma.com/kr/ko/pd/%ED%8C%A8%EC%8A%A4%ED%8A%B8%EC%95%8C-%EB%82%98%EC%9D%B4%ED%8A%B8%EB%A1%9C-%EC%97%98%EB%A6%AC%ED%8A%B8-3-%3Cbr%3Efast-r-nitro-elite-3/312060.html | O52: 379000 | P52: 379,000원 | Q52: 2026-07-02 | R52: TRUE | S52: =AND(H52="KR",K52=TRUE,O52<>"",IFERROR(VLOOKUP(A52,'02_Recommendation_Attrs'!$A$2:$W$100,23,FALSE),FALSE),IFERROR(VLOOKUP(A52,'05_v0.2_Benchmark'!$A$2:$AC$31,29,FALSE),FALSE)) -> TRUE | T52: VERIFIED | U52: PDB_v0.2 | V52: 레이스/카본 | W52: 카본 PWRPLATE 기반 레이싱화. 5K부터 마라톤까지 빠른 페이스와 기록 단축 목표에 적합. | X52: DIRECT_IMAGE_URL_NOT_VERIFIED | Y52: 2026-08-28
A53: GM-ON-CLOUDRUNNER-3 | B53: On | C53: 온 | D53: Cloudrunner | E53: Cloudrunner | F53: 3 | G53: On Cloudrunner 3 | H53: KR | I53: KRW | J53: CURRENT | K53: TRUE | L53: https://www.on.com/ko-kr/shop/shoes/cloudrunner | N53: https://www.on.com/ko-kr/shop/shoes/cloudrunner | O53: 199000 | P53: 199,000원 | Q53: 2026-07-02 | R53: FALSE | S53: =IFERROR(VLOOKUP(A53,'02_Recommendation_Attrs'!$A$2:$W$100,23,FALSE),FALSE) -> FALSE | T53: DRAFT | U53: PDB_v0.1 | V53: 데일리/입문 | W53: 안정적인 주행감과 편안함 중심의 데일리 러닝화. 러닝 입문자, 걷기 겸용 사용자에게 적합. | X53: DIRECT_IMAGE_URL_NOT_VERIFIED | Y53: 2026-08-28
A54: GM-ON-CLOUDSURFER-2 | B54: On | C54: 온 | D54: Cloudsurfer | E54: Cloudsurfer | F54: 2 | G54: On Cloudsurfer 2 | H54: KR | I54: KRW | J54: CURRENT | K54: TRUE | L54: https://www.on.com/ko-kr/products/cloudsurfer-2-3mf1012/mens/linen-ivory-shoes-3MF10124751 | N54: https://www.on.com/ko-kr/products/cloudsurfer-2-3mf1012/mens/linen-ivory-shoes-3MF10124751 | O54: 199000 | P54: 199,000원 | Q54: 2026-07-02 | R54: TRUE | S54: =AND(H54="KR",K54=TRUE,O54<>"",IFERROR(VLOOKUP(A54,'02_Recommendation_Attrs'!$A$2:$W$100,23,FALSE),FALSE),IFERROR(VLOOKUP(A54,'05_v0.2_Benchmark'!$A$2:$AC$31,29,FALSE),FALSE)) -> TRUE | T54: VERIFIED | U54: PDB_v0.2 | V54: 데일리/올라운드 | W54: CloudTec Phase 기반의 부드러운 롤링감. 중립형 데일리 러닝과 가벼운 훈련에 적합. | X54: DIRECT_IMAGE_URL_NOT_VERIFIED | Y54: 2026-08-28
A55: GM-ON-CLOUDMONSTER-3 | B55: On | C55: 온 | D55: Cloudmonster | E55: Cloudmonster | F55: 3 | G55: On Cloudmonster 3 | H55: KR | I55: KRW | J55: CURRENT | K55: TRUE | L55: https://www.on.com/ko-kr/products/cloudmonster-3-w-3wg1003/womens/truffle-ivory-shoes-3WG10034861 | N55: https://www.on.com/ko-kr/products/cloudmonster-3-w-3wg1003/womens/truffle-ivory-shoes-3WG10034861 | O55: 229000 | P55: 229,000원 | Q55: 2026-07-02 | R55: FALSE | S55: =IFERROR(VLOOKUP(A55,'02_Recommendation_Attrs'!$A$2:$W$100,23,FALSE),FALSE) -> FALSE | T55: DRAFT | U55: PDB_v0.1 | V55: 쿠션/장거리 | W55: 풍부한 CloudTec 쿠션과 롤링감이 특징. 장거리, 편안한 데일리, 충격 완화 선호자에게 적합. | X55: DIRECT_IMAGE_URL_NOT_VERIFIED | Y55: 2026-08-28
A56: GM-ON-CLOUDFLOW-5 | B56: On | C56: 온 | D56: Cloudflow | E56: Cloudflow | F56: 5 | G56: On Cloudflow 5 | H56: KR | I56: KRW | J56: CURRENT | K56: TRUE | L56: https://www.on.com/ko-kr/products/cloudflow-5-w-3wf1009/womens/juniper-ice-shoes-3WF10094851 | N56: https://www.on.com/ko-kr/products/cloudflow-5-w-3wf1009/womens/juniper-ice-shoes-3WF10094851 | O56: 219000 | P56: 219,000원 | Q56: 2026-07-02 | R56: FALSE | S56: =IFERROR(VLOOKUP(A56,'02_Recommendation_Attrs'!$A$2:$W$100,23,FALSE),FALSE) -> FALSE | T56: DRAFT | U56: PDB_v0.1 | V56: 템포/스피드훈련 | W56: 빠른 훈련, 템포런, 인터벌에 적합한 경량·반응성 라인. 데일리보다 속도 훈련 성격이 강함. | X56: DIRECT_IMAGE_URL_NOT_VERIFIED | Y56: 2026-08-28
A57: GM-ON-CLOUDBOOM-STRIKE-BASE | B57: On | C57: 온 | D57: Cloudboom Strike | E57: Cloudboom Strike | G57: On Cloudboom Strike | H57: KR | I57: KRW | J57: CURRENT | K57: TRUE | L57: https://www.on.com/ko-kr/products/cloudboom-strike-3me3048/mens/juniper-limelight-shoes-3ME30484834 | N57: https://www.on.com/ko-kr/products/cloudboom-strike-3me3048/mens/juniper-limelight-shoes-3ME30484834 | O57: 329000 | P57: 329,000원 | Q57: 2026-07-02 | R57: FALSE | S57: =IFERROR(VLOOKUP(A57,'02_Recommendation_Attrs'!$A$2:$W$100,23,FALSE),FALSE) -> FALSE | T57: DRAFT | U57: PDB_v0.1 | V57: 레이스/카본 | W57: 마라톤 레이스용 고성능 모델. 추진력 있는 Speedboard와 고반발 폼 기반의 레이스화. | X57: DIRECT_IMAGE_URL_NOT_VERIFIED | Y57: 2026-08-28
A58: GM-BR-GHOST-18 | B58: Brooks | C58: 브룩스 | D58: Ghost | E58: Ghost | F58: 18 | G58: Brooks Ghost 18 | H58: US | I58: USD | J58: CURRENT | K58: FALSE | L58: https://www.brooksrunning.com/en_us/mens/shoes/road-running-shoes/ghost-18/110493.html | N58: https://www.brooksrunning.com/en_us/mens/shoes/road-running-shoes/ghost-18/110493.html | O58: 150 | P58: $150.00 | Q58: 2026-07-02 | R58: FALSE | S58: =IFERROR(VLOOKUP(A58,'02_Recommendation_Attrs'!$A$2:$W$100,23,FALSE),FALSE) -> FALSE | T58: DRAFT | U58: PDB_v0.1 | V58: 데일리/올라운드 | W58: 브룩스 대표 데일리 러닝화. 균형 잡힌 쿠션과 편안한 착화감으로 입문~중급 러너에게 무난. | X58: KR_SALE_NOT_CONFIRMED_IN_SOURCE;DIRECT_IMAGE_URL_NOT_VERIFIED | Y58: 2026-08-28
A59: GM-BR-GLYCERIN-23 | B59: Brooks | C59: 브룩스 | D59: Glycerin | E59: Glycerin | F59: 23 | G59: Brooks Glycerin 23 | H59: US | I59: USD | J59: CURRENT | K59: FALSE | L59: https://www.brooksrunning.com/en_us/mens/shoes/road-running-shoes/glycerin-23/1104761D020.100.html | N59: https://www.brooksrunning.com/en_us/mens/shoes/road-running-shoes/glycerin-23/1104761D020.100.html | O59: 175 | P59: $175.00 | Q59: 2026-07-02 | R59: FALSE | S59: =IFERROR(VLOOKUP(A59,'02_Recommendation_Attrs'!$A$2:$W$100,23,FALSE),FALSE) -> FALSE | T59: DRAFT | U59: PDB_v0.1 | V59: 쿠션/장거리 | W59: 프리미엄 쿠션 중심의 장거리·회복주 라인. 부드럽고 편안한 착화감을 중시하는 러너에게 적합. | X59: KR_SALE_NOT_CONFIRMED_IN_SOURCE;DIRECT_IMAGE_URL_NOT_VERIFIED | Y59: 2026-08-28
A60: GM-BR-ADRENALINE-GTS-25 | B60: Brooks | C60: 브룩스 | D60: Adrenaline GTS | E60: Adrenaline GTS | F60: 25 | G60: Brooks Adrenaline GTS 25 | H60: US | I60: USD | J60: CURRENT | K60: FALSE | L60: https://www.brooksrunning.com/en_us/mens/shoes/road-running-shoes/adrenaline-gts-25/1104541D055.090.html | N60: https://www.brooksrunning.com/en_us/mens/shoes/road-running-shoes/adrenaline-gts-25/1104541D055.090.html | O60: 155 | P60: $155.00 | Q60: 2026-07-02 | R60: FALSE | S60: =IFERROR(VLOOKUP(A60,'02_Recommendation_Attrs'!$A$2:$W$100,23,FALSE),FALSE) -> FALSE | T60: DRAFT | U60: PDB_v0.1 | V60: 안정화 | W60: GuideRails 지지 시스템 기반 안정화 러닝화. 과도한 움직임을 줄이고 안정적인 주행을 돕는 라인. | X60: KR_SALE_NOT_CONFIRMED_IN_SOURCE;DIRECT_IMAGE_URL_NOT_VERIFIED | Y60: 2026-08-28
A61: GM-BR-GHOST-MAX-3 | B61: Brooks | C61: 브룩스 | D61: Ghost Max | E61: Ghost Max | F61: 3 | G61: Brooks Ghost Max 3 | H61: US | I61: USD | J61: CURRENT | K61: FALSE | L61: https://www.brooksrunning.com/en_us/ghost-max-3/1104642E020.125.html | N61: https://www.brooksrunning.com/en_us/ghost-max-3/1104642E020.125.html | O61: 160 | P61: $119.95(정가 $160.00) | Q61: 2026-07-02 | R61: FALSE | S61: =IFERROR(VLOOKUP(A61,'02_Recommendation_Attrs'!$A$2:$W$100,23,FALSE),FALSE) -> FALSE | T61: DRAFT | U61: PDB_v0.1 | V61: 쿠션/장거리 | W61: 고스트의 맥시멀 쿠션 버전. 충격 흡수, 편안한 롤링감, 걷기 겸용까지 고려한 라인. | X61: KR_SALE_NOT_CONFIRMED_IN_SOURCE;DIRECT_IMAGE_URL_NOT_VERIFIED | Y61: 2026-08-28
A62: GM-BR-HYPERION-ELITE-5 | B62: Brooks | C62: 브룩스 | D62: Hyperion Elite | E62: Hyperion Elite | F62: 5 | G62: Brooks Hyperion Elite 5 | H62: US | I62: USD | J62: CURRENT | K62: FALSE | L62: https://www.brooksrunning.com/en_us/featured/unisex-running-shoes/hyperion-elite-5/1000491D681.090.html | N62: https://www.brooksrunning.com/en_us/featured/unisex-running-shoes/hyperion-elite-5/1000491D681.090.html | O62: 275 | P62: $199.95(정가 $275.00) | Q62: 2026-07-02 | R62: FALSE | S62: =IFERROR(VLOOKUP(A62,'02_Recommendation_Attrs'!$A$2:$W$100,23,FALSE),FALSE) -> FALSE | T62: DRAFT | U62: PDB_v0.1 | V62: 레이스/카본 | W62: 브룩스 최상급 카본 레이싱화. 5K~마라톤 레이스, 빠른 전환, 기록 단축 목적에 적합. | X62: KR_SALE_NOT_CONFIRMED_IN_SOURCE;DIRECT_IMAGE_URL_NOT_VERIFIED | Y62: 2026-08-28

Sheet 02_Recommendation_Attrs
A1: product_id | B1: display_name | C1: primary_use | D1: secondary_use_tags | E1: cushion_score | F1: stability_score | G1: responsiveness_score | H1: weight_g | I1: drop_mm | J1: plate_type | K1: fit_width | L1: wide_option | M1: runner_level_fit | N1: distance_fit | O1: caution_tags | P1: caution_detail_tags | Q1: review_evidence_count | R1: evidence_source_summary | S1: normalization_rule_version | T1: data_status | U1: missing_required_count | V1: eligibility_gap_summary | W1: ready_for_recommendation
A2: GM-NK-PEGASUS-42 | B2: Nike Pegasus 42 | C2: DAILY | E2: ='05_v0.2_Benchmark'!O21 -> 3 | F2: ='05_v0.2_Benchmark'!P21 -> 4 | G2: ='05_v0.2_Benchmark'!Q21 -> 3 | H2: ='05_v0.2_Benchmark'!R21 -> 282.6 | I2: ='05_v0.2_Benchmark'!S21 -> 10.7 | J2: ='05_v0.2_Benchmark'!T21 -> NONE | K2: ='05_v0.2_Benchmark'!U21 -> STANDARD | L2: ='05_v0.2_Benchmark'!V21 -> TRUE | ... N2: ='05_v0.2_Benchmark'!X21 -> ALL | O2: HEAVY;OTHER | P2: FOREFOOT_PRESSURE;HEAT_BREATHABILITY | Q2: 7 | R2: A_RTINGS | RTINGS_DIRECT | 공식/기존 Review Evidence 병행 | S2: PERF_NORM_v0.2 / USE_CASE_v0.2 / FIT_v0.2 | T2: VERIFIED | U2: =COUNTBLANK(E2:I2)+IF(J2="UNKNOWN",1,0)+IF(K2="UNKNOWN",1,0)+IF(L2="UNKNOWN",1,0)+IF(M2="UNKNOWN",1,0)+IF(N2="UNKNOWN",1,0) -> 0 | V2: =IF(U2=0,"",_xludf.TEXTJOIN(", ",TRUE,IF(E2="","cushion_score",""),IF(F2="","stability_score",""),IF(G2="","responsiveness_score",""),IF(H2="","weight_g",""),IF(I2="","drop_mm",""),IF(J2="UNKNOWN","plate_type",""),IF(K2="UNKNOWN","fit_width",""),IF(L2="UNKNOWN","wide_option",""),IF(M2="UNKNOWN","runner_level_fit",""),IF(N2="UNKNOWN","distance_fit",""))) | W2: =AND(U2=0,T2="VERIFIED") -> TRUE
A3: GM-NK-VOMERO-18 | B3: Nike Vomero 18 | C3: LONG | D3: DAILY | E3: ='05_v0.2_Benchmark'!O11 -> 4 | F3: ='05_v0.2_Benchmark'!P11 -> 5 | G3: ='05_v0.2_Benchmark'!Q11 -> 3 | H3: ='05_v0.2_Benchmark'!R11 -> 297.5 | I3: ='05_v0.2_Benchmark'!S11 -> 10.3 | J3: ='05_v0.2_Benchmark'!T11 -> NONE | K3: ='05_v0.2_Benchmark'!U11 -> NARROW | L3: ='05_v0.2_Benchmark'!V11 -> TRUE | ... N3: ='05_v0.2_Benchmark'!X11 -> LONG | O3: FIT_NARROW;OTHER | P3: HEAT_BREATHABILITY | Q3: 5 | R3: A_RTINGS | RTINGS_DIRECT | 공식/기존 Review Evidence 병행 | S3: PERF_NORM_v0.2 / USE_CASE_v0.2 / FIT_v0.2 | T3: VERIFIED | U3: =COUNTBLANK(E3:I3)+IF(J3="UNKNOWN",1,0)+IF(K3="UNKNOWN",1,0)+IF(L3="UNKNOWN",1,0)+IF(M3="UNKNOWN",1,0)+IF(N3="UNKNOWN",1,0) -> 0 | V3: =IF(U3=0,"",_xludf.TEXTJOIN(", ",TRUE,IF(E3="","cushion_score",""),IF(F3="","stability_score",""),IF(G3="","responsiveness_score",""),IF(H3="","weight_g",""),IF(I3="","drop_mm",""),IF(J3="UNKNOWN","plate_type",""),IF(K3="UNKNOWN","fit_width",""),IF(L3="UNKNOWN","wide_option",""),IF(M3="UNKNOWN","runner_level_fit",""),IF(N3="UNKNOWN","distance_fit",""))) | W3: =AND(U3=0,T3="VERIFIED") -> TRUE
A4: GM-NK-VOMERO-PLUS-BASE | B4: Nike Vomero Plus | C4: LONG | D4: DAILY | J4: UNKNOWN | K4: UNKNOWN | L4: UNKNOWN | M4: UNKNOWN | N4: LONG | Q4: 0 | R4: Official migrated + external review 0건 | S4: USE_CASE_MIGRATION_v0.1 / FIT_CAUTION_RULE_v0.1 | T4: DRAFT | U4: =COUNTBLANK(E4:I4)+IF(J4="UNKNOWN",1,0)+IF(K4="UNKNOWN",1,0)+IF(L4="UNKNOWN",1,0)+IF(M4="UNKNOWN",1,0)+IF(N4="UNKNOWN",1,0) -> 9 | V4: cushion_score, stability_score, responsiveness_score, weight_g, drop_mm, plate_type, fit_width, wide_option, runner_level_fit | W4: =AND(U4=0,T4="VERIFIED") -> FALSE
A5: GM-NK-VOMERO-PREMIUM-BASE | B5: Nike Vomero Premium | C5: LONG | D5: DAILY | J5: UNKNOWN | K5: UNKNOWN | L5: UNKNOWN | M5: UNKNOWN | N5: LONG | O5: OTHER | Q5: 1 | R5: Official migrated + external review 1건 | S5: USE_CASE_MIGRATION_v0.1 / FIT_CAUTION_RULE_v0.1 | T5: DRAFT | U5: =COUNTBLANK(E5:I5)+IF(J5="UNKNOWN",1,0)+IF(K5="UNKNOWN",1,0)+IF(L5="UNKNOWN",1,0)+IF(M5="UNKNOWN",1,0)+IF(N5="UNKNOWN",1,0) -> 9 | V5: cushion_score, stability_score, responsiveness_score, weight_g, drop_mm, plate_type, fit_width, wide_option, runner_level_fit | W5: =AND(U5=0,T5="VERIFIED") -> FALSE
A6: GM-NK-STRUCTURE-26 | B6: Nike Structure 26 | C6: STABILITY | D6: DAILY | E6: ='05_v0.2_Benchmark'!O17 -> 3 | F6: ='05_v0.2_Benchmark'!P17 -> 5 | G6: ='05_v0.2_Benchmark'!Q17 -> 3 | H6: ='05_v0.2_Benchmark'!R17 -> 296 | I6: ='05_v0.2_Benchmark'!S17 -> 10.1 | J6: ='05_v0.2_Benchmark'!T17 -> NONE | K6: ='05_v0.2_Benchmark'!U17 -> STANDARD | L6: ='05_v0.2_Benchmark'!V17 -> TRUE | ... N6: ='05_v0.2_Benchmark'!X17 -> ALL | O6: HEAVY;OTHER | P6: DURABILITY;HEAT_BREATHABILITY | Q6: 5 | R6: B_RUNREPEAT | RUNREPEAT_RELATIVE | 공식/기존 Review Evidence 병행 | S6: PERF_NORM_v0.2 / USE_CASE_v0.2 / FIT_v0.2 | T6: VERIFIED | U6: =COUNTBLANK(E6:I6)+IF(J6="UNKNOWN",1,0)+IF(K6="UNKNOWN",1,0)+IF(L6="UNKNOWN",1,0)+IF(M6="UNKNOWN",1,0)+IF(N6="UNKNOWN",1,0) -> 0 | V6: =IF(U6=0,"",_xludf.TEXTJOIN(", ",TRUE,IF(E6="","cushion_score",""),IF(F6="","stability_score",""),IF(G6="","responsiveness_score",""),IF(H6="","weight_g",""),IF(I6="","drop_mm",""),IF(J6="UNKNOWN","plate_type",""),IF(K6="UNKNOWN","fit_width",""),IF(L6="UNKNOWN","wide_option",""),IF(M6="UNKNOWN","runner_level_fit",""),IF(N6="UNKNOWN","distance_fit",""))) | W6: =AND(U6=0,T6="VERIFIED") -> TRUE
A7: GM-NK-STRUCTURE-PLUS-BASE | B7: Nike Structure Plus | C7: STABILITY | D7: DAILY | J7: UNKNOWN | K7: UNKNOWN | L7: UNKNOWN | M7: UNKNOWN | N7: UNKNOWN | Q7: 0 | R7: Official migrated + external review 0건 | S7: USE_CASE_MIGRATION_v0.1 / FIT_CAUTION_RULE_v0.1 | T7: DRAFT | U7: =COUNTBLANK(E7:I7)+IF(J7="UNKNOWN",1,0)+IF(K7="UNKNOWN",1,0)+IF(L7="UNKNOWN",1,0)+IF(M7="UNKNOWN",1,0)+IF(N7="UNKNOWN",1,0) -> 10 | V7: cushion_score, stability_score, responsiveness_score, weight_g, drop_mm, plate_type, fit_width, wide_option, runner_level_fit, distance_fit, msrp_krw | W7: =AND(U7=0,T7="VERIFIED") -> FALSE
A8: GM-NK-ZOOM-FLY-6 | B8: Nike Zoom Fly 6 | C8: TEMPO | J8: CARBON | K8: UNKNOWN | L8: UNKNOWN | M8: UNKNOWN | N8: UNKNOWN | O8: AGGRESSIVE_RIDE;OTHER;PLATE_STIFF | P8: FOREFOOT_PRESSURE;HEAT_BREATHABILITY | Q8: 4 | R8: Official migrated + external review 4건 | S8: USE_CASE_MIGRATION_v0.1 / FIT_CAUTION_RULE_v0.1 | T8: DRAFT | U8: =COUNTBLANK(E8:I8)+IF(J8="UNKNOWN",1,0)+IF(K8="UNKNOWN",1,0)+IF(L8="UNKNOWN",1,0)+IF(M8="UNKNOWN",1,0)+IF(N8="UNKNOWN",1,0) -> 9 | V8: cushion_score, stability_score, responsiveness_score, weight_g, drop_mm, fit_width, wide_option, runner_level_fit, distance_fit | W8: =AND(U8=0,T8="VERIFIED") -> FALSE
A9: GM-NK-ALPHAFLY-3 | B9: Nike Alphafly 3 | C9: RACE | J9: CARBON | K9: UNKNOWN | L9: UNKNOWN | M9: ADVANCED | N9: LONG | O9: AGGRESSIVE_RIDE;OTHER | P9: DURABILITY;HEAT_BREATHABILITY | Q9: 2 | R9: Official migrated + external review 2건 | S9: USE_CASE_MIGRATION_v0.1 / FIT_CAUTION_RULE_v0.1 | T9: DRAFT | U9: =COUNTBLANK(E9:I9)+IF(J9="UNKNOWN",1,0)+IF(K9="UNKNOWN",1,0)+IF(L9="UNKNOWN",1,0)+IF(M9="UNKNOWN",1,0)+IF(N9="UNKNOWN",1,0) -> 7 | V9: cushion_score, stability_score, responsiveness_score, weight_g, drop_mm, fit_width, wide_option | W9: =AND(U9=0,T9="VERIFIED") -> FALSE
A10: GM-AD-ULTRABOOST-5X | B10: adidas Ultraboost 5X | C10: LONG | D10: RECOVERY | J10: UNKNOWN | K10: NARROW | L10: UNKNOWN | M10: UNKNOWN | N10: LONG | O10: FIT_NARROW;HEAVY;OTHER | P10: BLISTER | Q10: 5 | R10: Official migrated + external review 5건 | S10: USE_CASE_MIGRATION_v0.1 / FIT_CAUTION_RULE_v0.1 | T10: DRAFT | U10: =COUNTBLANK(E10:I10)+IF(J10="UNKNOWN",1,0)+IF(K10="UNKNOWN",1,0)+IF(L10="UNKNOWN",1,0)+IF(M10="UNKNOWN",1,0)+IF(N10="UNKNOWN",1,0) -> 8 | V10: cushion_score, stability_score, responsiveness_score, weight_g, drop_mm, plate_type, wide_option, runner_level_fit, msrp_krw | W10: =AND(U10=0,T10="VERIFIED") -> FALSE
A11: GM-AD-ULTRABOOST-1-0-ATR-BASE | B11: adidas Ultraboost 1.0 ATR | C11: LONG | D11: RECOVERY | J11: UNKNOWN | K11: UNKNOWN | L11: UNKNOWN | M11: UNKNOWN | N11: LONG | Q11: 0 | R11: Official migrated + external review 0건 | S11: USE_CASE_MIGRATION_v0.1 / FIT_CAUTION_RULE_v0.1 | T11: DRAFT | U11: =COUNTBLANK(E11:I11)+IF(J11="UNKNOWN",1,0)+IF(K11="UNKNOWN",1,0)+IF(L11="UNKNOWN",1,0)+IF(M11="UNKNOWN",1,0)+IF(N11="UNKNOWN",1,0) -> 9 | V11: cushion_score, stability_score, responsiveness_score, weight_g, drop_mm, plate_type, fit_width, wide_option, runner_level_fit, msrp_krw | W11: =AND(U11=0,T11="VERIFIED") -> FALSE
A12: GM-AD-SUPERNOVA-RISE-3 | B12: adidas Supernova Rise 3 | C12: DAILY | E12: ='05_v0.2_Benchmark'!O6 -> 4 | F12: ='05_v0.2_Benchmark'!P6 -> 5 | G12: ='05_v0.2_Benchmark'!Q6 -> 4 | H12: ='05_v0.2_Benchmark'!R6 -> 265.9 | I12: ='05_v0.2_Benchmark'!S6 -> 9.6 | J12: ='05_v0.2_Benchmark'!T6 -> NONE | K12: ='05_v0.2_Benchmark'!U6 -> NARROW | L12: ='05_v0.2_Benchmark'!V6 -> TRUE | ... N12: ='05_v0.2_Benchmark'!X6 -> ALL | O12: FIT_NARROW;OTHER | P12: HEAT_BREATHABILITY;HEEL_SLIP | Q12: 5 | R12: A_RTINGS | RTINGS_DIRECT | 공식/기존 Review Evidence 병행 | S12: PERF_NORM_v0.2 / USE_CASE_v0.2 / FIT_v0.2 | T12: VERIFIED | U12: =COUNTBLANK(E12:I12)+IF(J12="UNKNOWN",1,0)+IF(K12="UNKNOWN",1,0)+IF(L12="UNKNOWN",1,0)+IF(M12="UNKNOWN",1,0)+IF(N12="UNKNOWN",1,0) -> 0 | V12: =IF(U12=0,"",_xludf.TEXTJOIN(", ",TRUE,IF(E12="","cushion_score",""),IF(F12="","stability_score",""),IF(G12="","responsiveness_score",""),IF(H12="","weight_g",""),IF(I12="","drop_mm",""),IF(J12="UNKNOWN","plate_type",""),IF(K12="UNKNOWN","fit_width",""),IF(L12="UNKNOWN","wide_option",""),IF(M12="UNKNOWN","runner_level_fit",""),IF(N12="UNKNOWN","distance_fit",""))) | W12: =AND(U12=0,T12="VERIFIED") -> TRUE
A13: GM-AD-SUPERNOVA-EASE-BASE | B13: adidas Supernova Ease | C13: DAILY | J13: UNKNOWN | K13: UNKNOWN | L13: UNKNOWN | M13: BEGINNER | N13: UNKNOWN | Q13: 0 | R13: Official migrated + external review 0건 | S13: USE_CASE_MIGRATION_v0.1 / FIT_CAUTION_RULE_v0.1 | T13: DRAFT | U13: =COUNTBLANK(E13:I13)+IF(J13="UNKNOWN",1,0)+IF(K13="UNKNOWN",1,0)+IF(L13="UNKNOWN",1,0)+IF(M13="UNKNOWN",1,0)+IF(N13="UNKNOWN",1,0) -> 9 | V13: cushion_score, stability_score, responsiveness_score, weight_g, drop_mm, plate_type, fit_width, wide_option, distance_fit, msrp_krw | W13: =AND(U13=0,T13="VERIFIED") -> FALSE
A14: GM-AD-ADIZERO-SL-2 | B14: adidas Adizero SL 2 | C14: TEMPO | D14: DAILY | E14: ='05_v0.2_Benchmark'!O24 -> 4 | F14: ='05_v0.2_Benchmark'!P24 -> 2 | G14: ='05_v0.2_Benchmark'!Q24 -> 3 | H14: ='05_v0.2_Benchmark'!R24 -> 245 | I14: ='05_v0.2_Benchmark'!S24 -> 8.2 | J14: ='05_v0.2_Benchmark'!T24 -> NONE | K14: ='05_v0.2_Benchmark'!U24 -> STANDARD | L14: ='05_v0.2_Benchmark'!V24 -> TRUE | ... N14: ='05_v0.2_Benchmark'!X24 -> ALL | O14: FIT_NARROW;OTHER | P14: DURABILITY | Q14: 3 | R14: B_RUNREPEAT | RUNREPEAT_RELATIVE | 공식/기존 Review Evidence 병행 | S14: PERF_NORM_v0.2 / USE_CASE_v0.2 / FIT_v0.2 | T14: VERIFIED | U14: =COUNTBLANK(E14:I14)+IF(J14="UNKNOWN",1,0)+IF(K14="UNKNOWN",1,0)+IF(L14="UNKNOWN",1,0)+IF(M14="UNKNOWN",1,0)+IF(N14="UNKNOWN",1,0) -> 0 | V14: =IF(U14=0,"",_xludf.TEXTJOIN(", ",TRUE,IF(E14="","cushion_score",""),IF(F14="","stability_score",""),IF(G14="","responsiveness_score",""),IF(H14="","weight_g",""),IF(I14="","drop_mm",""),IF(J14="UNKNOWN","plate_type",""),IF(K14="UNKNOWN","fit_width",""),IF(L14="UNKNOWN","wide_option",""),IF(M14="UNKNOWN","runner_level_fit",""),IF(N14="UNKNOWN","distance_fit",""))) | W14: =AND(U14=0,T14="VERIFIED") -> TRUE
A15: GM-AD-ADIZERO-EVO-SL-BASE | B15: adidas Adizero EVO SL | C15: TEMPO | D15: DAILY | E15: ='05_v0.2_Benchmark'!O23 -> 4 | F15: ='05_v0.2_Benchmark'!P23 -> 4 | G15: ='05_v0.2_Benchmark'!Q23 -> 4 | H15: ='05_v0.2_Benchmark'!R23 -> 220 | I15: ='05_v0.2_Benchmark'!S23 -> 6.7 | J15: ='05_v0.2_Benchmark'!T23 -> OTHER | K15: ='05_v0.2_Benchmark'!U23 -> STANDARD | L15: ='05_v0.2_Benchmark'!V23 -> FALSE | ... N15: ='05_v0.2_Benchmark'!X23 -> ALL | O15: OTHER | P15: BLISTER;DURABILITY | Q15: 1 | R15: A_RTINGS | RTINGS_COMPOSITE | 공식/기존 Review Evidence 병행 | S15: PERF_NORM_v0.2 / USE_CASE_v0.2 / FIT_v0.2 | T15: VERIFIED | U15: =COUNTBLANK(E15:I15)+IF(J15="UNKNOWN",1,0)+IF(K15="UNKNOWN",1,0)+IF(L15="UNKNOWN",1,0)+IF(M15="UNKNOWN",1,0)+IF(N15="UNKNOWN",1,0) -> 0 | V15: =IF(U15=0,"",_xludf.TEXTJOIN(", ",TRUE,IF(E15="","cushion_score",""),IF(F15="","stability_score",""),IF(G15="","responsiveness_score",""),IF(H15="","weight_g",""),IF(I15="","drop_mm",""),IF(J15="UNKNOWN","plate_type",""),IF(K15="UNKNOWN","fit_width",""),IF(L15="UNKNOWN","wide_option",""),IF(M15="UNKNOWN","runner_level_fit",""),IF(N15="UNKNOWN","distance_fit",""))) | W15: =AND(U15=0,T15="VERIFIED") -> TRUE
A16: GM-AD-ADIZERO-ADIOS-PRO-4 | B16: adidas Adizero Adios Pro 4 | C16: RACE | D16: DAILY;TEMPO | E16: ='05_v0.2_Benchmark'!O31 -> 4 | F16: ='05_v0.2_Benchmark'!P31 -> 3 | G16: ='05_v0.2_Benchmark'!Q31 -> 5 | H16: ='05_v0.2_Benchmark'!R31 -> 197.5 | I16: ='05_v0.2_Benchmark'!S31 -> 7 | J16: ='05_v0.2_Benchmark'!T31 -> CARBON | K16: ='05_v0.2_Benchmark'!U31 -> NARROW | L16: ='05_v0.2_Benchmark'!V31 -> FALSE | ... N16: ='05_v0.2_Benchmark'!X31 -> LONG | Q16: 0 | R16: A_RTINGS | RTINGS_DIRECT | 공식/기존 Review Evidence 병행 | S16: PERF_NORM_v0.2 / USE_CASE_v0.2 / FIT_v0.2 | T16: VERIFIED | U16: =COUNTBLANK(E16:I16)+IF(J16="UNKNOWN",1,0)+IF(K16="UNKNOWN",1,0)+IF(L16="UNKNOWN",1,0)+IF(M16="UNKNOWN",1,0)+IF(N16="UNKNOWN",1,0) -> 0 | V16: =IF(U16=0,"",_xludf.TEXTJOIN(", ",TRUE,IF(E16="","cushion_score",""),IF(F16="","stability_score",""),IF(G16="","responsiveness_score",""),IF(H16="","weight_g",""),IF(I16="","drop_mm",""),IF(J16="UNKNOWN","plate_type",""),IF(K16="UNKNOWN","fit_width",""),IF(L16="UNKNOWN","wide_option",""),IF(M16="UNKNOWN","runner_level_fit",""),IF(N16="UNKNOWN","distance_fit",""))) | W16: =AND(U16=0,T16="VERIFIED") -> TRUE
A17: GM-AD-DURAMO-SL-2 | B17: adidas Duramo SL 2 | C17: DAILY | E17: ='05_v0.2_Benchmark'!O5 | F17: ='05_v0.2_Benchmark'!P5 | G17: ='05_v0.2_Benchmark'!Q5 | H17: ='05_v0.2_Benchmark'!R5 -> 291 | I17: ='05_v0.2_Benchmark'!S5 -> 9 | J17: ='05_v0.2_Benchmark'!T5 -> NONE | K17: ='05_v0.2_Benchmark'!U5 -> STANDARD | L17: ='05_v0.2_Benchmark'!V5 -> TRUE | ... N17: ='05_v0.2_Benchmark'!X5 -> ALL | O17: FIT_NARROW;OTHER | P17: HEAT_BREATHABILITY | Q17: 3 | R17: C_OFFICIAL_ONLY | OFFICIAL_FACT_ONLY | 공식/기존 Review Evidence 병행 | S17: PERF_NORM_v0.2 / USE_CASE_v0.2 / FIT_v0.2 | T17: DRAFT | U17: =COUNTBLANK(E17:I17)+IF(J17="UNKNOWN",1,0)+IF(K17="UNKNOWN",1,0)+IF(L17="UNKNOWN",1,0)+IF(M17="UNKNOWN",1,0)+IF(N17="UNKNOWN",1,0) -> 3 | V17: =IF(U17=0,"",_xludf.TEXTJOIN(", ",TRUE,IF(E17="","cushion_score",""),IF(F17="","stability_score",""),IF(G17="","responsiveness_score",""),IF(H17="","weight_g",""),IF(I17="","drop_mm",""),IF(J17="UNKNOWN","plate_type",""),IF(K17="UNKNOWN","fit_width",""),IF(L17="UNKNOWN","wide_option",""),IF(M17="UNKNOWN","runner_level_fit",""),IF(N17="UNKNOWN","distance_fit",""))) -> #NAME? | W17: =AND(U17=0,T17="VERIFIED") -> FALSE
A18: GM-AD-DURAMO-SPEED-2 | B18: adidas Duramo Speed 2 | C18: DAILY | J18: UNKNOWN | K18: UNKNOWN | L18: UNKNOWN | M18: BEGINNER | N18: UNKNOWN | O18: OTHER;STABILITY_LOW | P18: BLISTER | Q18: 2 | R18: Official migrated + external review 2건 | S18: USE_CASE_MIGRATION_v0.1 / FIT_CAUTION_RULE_v0.1 | T18: DRAFT | U18: =COUNTBLANK(E18:I18)+IF(J18="UNKNOWN",1,0)+IF(K18="UNKNOWN",1,0)+IF(L18="UNKNOWN",1,0)+IF(M18="UNKNOWN",1,0)+IF(N18="UNKNOWN",1,0) -> 9 | V18: cushion_score, stability_score, responsiveness_score, weight_g, drop_mm, plate_type, fit_width, wide_option, distance_fit | W18: =AND(U18=0,T18="VERIFIED") -> FALSE
A19: GM-NB-FRESH-FOAM-X-1080-V15 | B19: New Balance Fresh Foam X 1080 v15 | C19: LONG | D19: DAILY | E19: ='05_v0.2_Benchmark'!O9 -> 4 | F19: ='05_v0.2_Benchmark'!P9 -> 4 | G19: ='05_v0.2_Benchmark'!Q9 -> 4 | H19: ='05_v0.2_Benchmark'!R9 -> 250.3 | I19: ='05_v0.2_Benchmark'!S9 -> 7.8 | J19: ='05_v0.2_Benchmark'!T9 -> NONE | K19: ='05_v0.2_Benchmark'!U9 -> NARROW | L19: ='05_v0.2_Benchmark'!V9 -> TRUE | ... N19: ='05_v0.2_Benchmark'!X9 -> LONG | O19: FIT_NARROW;OTHER | P19: HEAT_BREATHABILITY | Q19: 5 | R19: A_RTINGS | RTINGS_DIRECT | 공식/기존 Review Evidence 병행 | S19: PERF_NORM_v0.2 / USE_CASE_v0.2 / FIT_v0.2 | T19: VERIFIED | U19: =COUNTBLANK(E19:I19)+IF(J19="UNKNOWN",1,0)+IF(K19="UNKNOWN",1,0)+IF(L19="UNKNOWN",1,0)+IF(M19="UNKNOWN",1,0)+IF(N19="UNKNOWN",1,0) -> 0 | V19: =IF(U19=0,"",_xludf.TEXTJOIN(", ",TRUE,IF(E19="","cushion_score",""),IF(F19="","stability_score",""),IF(G19="","responsiveness_score",""),IF(H19="","weight_g",""),IF(I19="","drop_mm",""),IF(J19="UNKNOWN","plate_type",""),IF(K19="UNKNOWN","fit_width",""),IF(L19="UNKNOWN","wide_option",""),IF(M19="UNKNOWN","runner_level_fit",""),IF(N19="UNKNOWN","distance_fit",""))) | W19: =AND(U19=0,T19="VERIFIED") -> TRUE
A20: GM-NB-FRESH-FOAM-X-880-V15 | B20: New Balance Fresh Foam X 880 v15 | C20: DAILY | E20: ='05_v0.2_Benchmark'!O10 -> 4 | F20: ='05_v0.2_Benchmark'!P10 -> 5 | G20: ='05_v0.2_Benchmark'!Q10 -> 4 | H20: ='05_v0.2_Benchmark'!R10 -> 286.6 | I20: ='05_v0.2_Benchmark'!S10 -> 7.3 | J20: ='05_v0.2_Benchmark'!T10 -> NONE | K20: ='05_v0.2_Benchmark'!U10 -> STANDARD | L20: ='05_v0.2_Benchmark'!V10 -> TRUE | ... N20: ='05_v0.2_Benchmark'!X10 -> ALL | O20: FIT_NARROW;FIT_WIDE;OTHER | P20: FOREFOOT_PRESSURE | Q20: 4 | R20: A_RTINGS | RTINGS_DIRECT | 공식/기존 Review Evidence 병행 | S20: PERF_NORM_v0.2 / USE_CASE_v0.2 / FIT_v0.2 | T20: VERIFIED | U20: =COUNTBLANK(E20:I20)+IF(J20="UNKNOWN",1,0)+IF(K20="UNKNOWN",1,0)+IF(L20="UNKNOWN",1,0)+IF(M20="UNKNOWN",1,0)+IF(N20="UNKNOWN",1,0) -> 0 | V20: =IF(U20=0,"",_xludf.TEXTJOIN(", ",TRUE,IF(E20="","cushion_score",""),IF(F20="","stability_score",""),IF(G20="","responsiveness_score",""),IF(H20="","weight_g",""),IF(I20="","drop_mm",""),IF(J20="UNKNOWN","plate_type",""),IF(K20="UNKNOWN","fit_width",""),IF(L20="UNKNOWN","wide_option",""),IF(M20="UNKNOWN","runner_level_fit",""),IF(N20="UNKNOWN","distance_fit",""))) | W20: =AND(U20=0,T20="VERIFIED") -> TRUE
A21: GM-NB-FRESH-FOAM-X-860-V15 | B21: New Balance Fresh Foam X 860 v15 | C21: STABILITY | E21: ='05_v0.2_Benchmark'!O16 -> 4 | F21: ='05_v0.2_Benchmark'!P16 -> 5 | G21: ='05_v0.2_Benchmark'!Q16 -> 4 | H21: ='05_v0.2_Benchmark'!R16 -> 329.3 | I21: ='05_v0.2_Benchmark'!S16 -> 6 | J21: ='05_v0.2_Benchmark'!T16 -> OTHER | K21: ='05_v0.2_Benchmark'!U16 -> NARROW | L21: ='05_v0.2_Benchmark'!V16 -> TRUE | ... N21: ='05_v0.2_Benchmark'!X16 -> ALL | O21: FIT_NARROW;OTHER;STABILITY_LOW | P21: BLISTER;FOREFOOT_PRESSURE | Q21: 4 | R21: A_RTINGS | RTINGS_DIRECT | 공식/기존 Review Evidence 병행 | S21: PERF_NORM_v0.2 / USE_CASE_v0.2 / FIT_v0.2 | T21: VERIFIED | U21: =COUNTBLANK(E21:I21)+IF(J21="UNKNOWN",1,0)+IF(K21="UNKNOWN",1,0)+IF(L21="UNKNOWN",1,0)+IF(M21="UNKNOWN",1,0)+IF(N21="UNKNOWN",1,0) -> 0 | V21: =IF(U21=0,"",_xludf.TEXTJOIN(", ",TRUE,IF(E21="","cushion_score",""),IF(F21="","stability_score",""),IF(G21="","responsiveness_score",""),IF(H21="","weight_g",""),IF(I21="","drop_mm",""),IF(J21="UNKNOWN","plate_type",""),IF(K21="UNKNOWN","fit_width",""),IF(L21="UNKNOWN","wide_option",""),IF(M21="UNKNOWN","runner_level_fit",""),IF(N21="UNKNOWN","distance_fit",""))) | W21: =AND(U21=0,T21="VERIFIED") -> TRUE
A22: GM-NB-FUELCELL-SUPERCOMP-ELITE-V5 | B22: New Balance FuelCell SuperComp Elite v5 | C22: RACE | E22: ='05_v0.2_Benchmark'!O27 -> 4 | F22: ='05_v0.2_Benchmark'!P27 -> 3 | G22: ='05_v0.2_Benchmark'!Q27 -> 5 | H22: ='05_v0.2_Benchmark'!R27 -> 200.5 | I22: ='05_v0.2_Benchmark'!S27 -> 8.9 | J22: ='05_v0.2_Benchmark'!T27 -> CARBON | K22: ='05_v0.2_Benchmark'!U27 -> NARROW | L22: ='05_v0.2_Benchmark'!V27 -> TRUE | ... N22: ='05_v0.2_Benchmark'!X27 -> LONG | O22: AGGRESSIVE_RIDE;FIT_NARROW;OTHER;STABILITY_LOW | P22: HEAT_BREATHABILITY | Q22: 6 | R22: A_RTINGS | RTINGS_DIRECT | 공식/기존 Review Evidence 병행 | S22: PERF_NORM_v0.2 / USE_CASE_v0.2 / FIT_v0.2 | T22: VERIFIED | U22: =COUNTBLANK(E22:I22)+IF(J22="UNKNOWN",1,0)+IF(K22="UNKNOWN",1,0)+IF(L22="UNKNOWN",1,0)+IF(M22="UNKNOWN",1,0)+IF(N22="UNKNOWN",1,0) -> 0 | V22: =IF(U22=0,"",_xludf.TEXTJOIN(", ",TRUE,IF(E22="","cushion_score",""),IF(F22="","stability_score",""),IF(G22="","responsiveness_score",""),IF(H22="","weight_g",""),IF(I22="","drop_mm",""),IF(J22="UNKNOWN","plate_type",""),IF(K22="UNKNOWN","fit_width",""),IF(L22="UNKNOWN","wide_option",""),IF(M22="UNKNOWN","runner_level_fit",""),IF(N22="UNKNOWN","distance_fit",""))) | W22: =AND(U22=0,T22="VERIFIED") -> TRUE
A23: GM-HK-CLIFTON-10 | B23: HOKA Clifton 10 | C23: DAILY | J23: UNKNOWN | K23: NARROW | L23: UNKNOWN | M23: UNKNOWN | N23: UNKNOWN | O23: FIT_NARROW;OTHER | P23: BLISTER;HEEL_SLIP | Q23: 7 | R23: Official migrated + external review 7건 | S23: USE_CASE_MIGRATION_v0.1 / FIT_CAUTION_RULE_v0.1 | T23: DRAFT | U23: =COUNTBLANK(E23:I23)+IF(J23="UNKNOWN",1,0)+IF(K23="UNKNOWN",1,0)+IF(L23="UNKNOWN",1,0)+IF(M23="UNKNOWN",1,0)+IF(N23="UNKNOWN",1,0) -> 9 | V23: cushion_score, stability_score, responsiveness_score, weight_g, drop_mm, plate_type, wide_option, runner_level_fit, distance_fit | W23: =AND(U23=0,T23="VERIFIED") -> FALSE
A24: GM-HK-BONDI-9 | B24: HOKA Bondi 9 | C24: LONG | J24: UNKNOWN | K24: NARROW | L24: UNKNOWN | M24: UNKNOWN | N24: UNKNOWN | O24: FIT_NARROW;HEAVY;OTHER | P24: BLISTER;DURABILITY;HEEL_SLIP | Q24: 5 | R24: Official migrated + external review 5건 | S24: USE_CASE_MIGRATION_v0.1 / FIT_CAUTION_RULE_v0.1 | T24: DRAFT | U24: =COUNTBLANK(E24:I24)+IF(J24="UNKNOWN",1,0)+IF(K24="UNKNOWN",1,0)+IF(L24="UNKNOWN",1,0)+IF(M24="UNKNOWN",1,0)+IF(N24="UNKNOWN",1,0) -> 9 | V24: cushion_score, stability_score, responsiveness_score, weight_g, drop_mm, plate_type, wide_option, runner_level_fit, distance_fit | W24: =AND(U24=0,T24="VERIFIED") -> FALSE
A25: GM-HK-ARAHI-8 | B25: HOKA Arahi 8 | C25: STABILITY | J25: UNKNOWN | K25: NARROW | L25: UNKNOWN | M25: UNKNOWN | N25: UNKNOWN | O25: FIT_NARROW;OTHER;STABILITY_LOW | P25: DURABILITY | Q25: 6 | R25: Official migrated + external review 6건 | S25: USE_CASE_MIGRATION_v0.1 / FIT_CAUTION_RULE_v0.1 | T25: DRAFT | U25: =COUNTBLANK(E25:I25)+IF(J25="UNKNOWN",1,0)+IF(K25="UNKNOWN",1,0)+IF(L25="UNKNOWN",1,0)+IF(M25="UNKNOWN",1,0)+IF(N25="UNKNOWN",1,0) -> 9 | V25: cushion_score, stability_score, responsiveness_score, weight_g, drop_mm, plate_type, wide_option, runner_level_fit, distance_fit | W25: =AND(U25=0,T25="VERIFIED") -> FALSE
A26: GM-HK-MACH-7 | B26: HOKA Mach 7 | C26: TEMPO | D26: DAILY | J26: UNKNOWN | K26: NARROW | L26: UNKNOWN | M26: UNKNOWN | N26: UNKNOWN | O26: FIT_NARROW;OTHER | Q26: 4 | R26: Official migrated + external review 4건 | S26: USE_CASE_MIGRATION_v0.1 / FIT_CAUTION_RULE_v0.1 | T26: DRAFT | U26: =COUNTBLANK(E26:I26)+IF(J26="UNKNOWN",1,0)+IF(K26="UNKNOWN",1,0)+IF(L26="UNKNOWN",1,0)+IF(M26="UNKNOWN",1,0)+IF(N26="UNKNOWN",1,0) -> 9 | V26: cushion_score, stability_score, responsiveness_score, weight_g, drop_mm, plate_type, wide_option, runner_level_fit, distance_fit | W26: =AND(U26=0,T26="VERIFIED") -> FALSE
A27: GM-HK-CIELO-X1-3_0 | B27: HOKA Cielo X1 3.0 | C27: RACE | J27: CARBON | K27: UNKNOWN | L27: UNKNOWN | M27: UNKNOWN | N27: UNKNOWN | O27: FIT_NARROW;STABILITY_LOW | Q27: 2 | R27: Official migrated + external review 2건 | S27: USE_CASE_MIGRATION_v0.1 / FIT_CAUTION_RULE_v0.1 | T27: DRAFT | U27: =COUNTBLANK(E27:I27)+IF(J27="UNKNOWN",1,0)+IF(K27="UNKNOWN",1,0)+IF(L27="UNKNOWN",1,0)+IF(M27="UNKNOWN",1,0)+IF(N27="UNKNOWN",1,0) -> 9 | V27: cushion_score, stability_score, responsiveness_score, weight_g, drop_mm, fit_width, wide_option, runner_level_fit, distance_fit | W27: =AND(U27=0,T27="VERIFIED") -> FALSE
A28: GM-AS-GEL-KAYANO-33 | B28: ASICS GEL-KAYANO 33 | C28: STABILITY | D28: LONG | E28: ='05_v0.2_Benchmark'!O14 -> 4 | F28: ='05_v0.2_Benchmark'!P14 -> 5 | G28: ='05_v0.2_Benchmark'!Q14 -> 3 | H28: ='05_v0.2_Benchmark'!R14 -> 295.9 | I28: ='05_v0.2_Benchmark'!S14 -> 11.1 | J28: ='05_v0.2_Benchmark'!T14 -> NONE | K28: ='05_v0.2_Benchmark'!U14 -> STANDARD | L28: ='05_v0.2_Benchmark'!V14 -> TRUE | ... N28: ='05_v0.2_Benchmark'!X14 -> ALL | Q28: 0 | R28: A_RTINGS | RTINGS_DIRECT | 공식/기존 Review Evidence 병행 | S28: PERF_NORM_v0.2 / USE_CASE_v0.2 / FIT_v0.2 | T28: VERIFIED | U28: =COUNTBLANK(E28:I28)+IF(J28="UNKNOWN",1,0)+IF(K28="UNKNOWN",1,0)+IF(L28="UNKNOWN",1,0)+IF(M28="UNKNOWN",1,0)+IF(N28="UNKNOWN",1,0) -> 0 | V28: =IF(U28=0,"",_xludf.TEXTJOIN(", ",TRUE,IF(E28="","cushion_score",""),IF(F28="","stability_score",""),IF(G28="","responsiveness_score",""),IF(H28="","weight_g",""),IF(I28="","drop_mm",""),IF(J28="UNKNOWN","plate_type",""),IF(K28="UNKNOWN","fit_width",""),IF(L28="UNKNOWN","wide_option",""),IF(M28="UNKNOWN","runner_level_fit",""),IF(N28="UNKNOWN","distance_fit",""))) | W28: =AND(U28=0,T28="VERIFIED") -> TRUE
A29: GM-AS-GEL-KAYANO-32 | B29: ASICS GEL-KAYANO 32 | C29: STABILITY | D29: LONG | J29: UNKNOWN | K29: UNKNOWN | L29: UNKNOWN | M29: UNKNOWN | N29: LONG | Q29: 0 | R29: Official migrated + external review 0건 | S29: USE_CASE_MIGRATION_v0.1 / FIT_CAUTION_RULE_v0.1 | T29: DRAFT | U29: =COUNTBLANK(E29:I29)+IF(J29="UNKNOWN",1,0)+IF(K29="UNKNOWN",1,0)+IF(L29="UNKNOWN",1,0)+IF(M29="UNKNOWN",1,0)+IF(N29="UNKNOWN",1,0) -> 9 | V29: cushion_score, stability_score, responsiveness_score, weight_g, drop_mm, plate_type, fit_width, wide_option, runner_level_fit | W29: =AND(U29=0,T29="VERIFIED") -> FALSE
A30: GM-AS-GEL-NIMBUS-28 | B30: ASICS GEL-NIMBUS 28 | C30: LONG | D30: DAILY | E30: ='05_v0.2_Benchmark'!O7 -> 5 | F30: ='05_v0.2_Benchmark'!P7 -> 5 | G30: ='05_v0.2_Benchmark'!Q7 -> 3 | H30: ='05_v0.2_Benchmark'!R7 -> 272.9 | I30: ='05_v0.2_Benchmark'!S7 -> 6.4 | J30: ='05_v0.2_Benchmark'!T7 -> NONE | K30: ='05_v0.2_Benchmark'!U7 -> NARROW | L30: ='05_v0.2_Benchmark'!V7 -> TRUE | ... N30: ='05_v0.2_Benchmark'!X7 -> LONG | O30: FIT_NARROW;HEAVY;OTHER | Q30: 4 | R30: A_RTINGS | RTINGS_DIRECT | 공식/기존 Review Evidence 병행 | S30: PERF_NORM_v0.2 / USE_CASE_v0.2 / FIT_v0.2 | T30: VERIFIED | U30: =COUNTBLANK(E30:I30)+IF(J30="UNKNOWN",1,0)+IF(K30="UNKNOWN",1,0)+IF(L30="UNKNOWN",1,0)+IF(M30="UNKNOWN",1,0)+IF(N30="UNKNOWN",1,0) -> 0 | V30: =IF(U30=0,"",_xludf.TEXTJOIN(", ",TRUE,IF(E30="","cushion_score",""),IF(F30="","stability_score",""),IF(G30="","responsiveness_score",""),IF(H30="","weight_g",""),IF(I30="","drop_mm",""),IF(J30="UNKNOWN","plate_type",""),IF(K30="UNKNOWN","fit_width",""),IF(L30="UNKNOWN","wide_option",""),IF(M30="UNKNOWN","runner_level_fit",""),IF(N30="UNKNOWN","distance_fit",""))) | W30: =AND(U30=0,T30="VERIFIED") -> TRUE
A31: GM-AS-NOVABLAST-5 | B31: ASICS NOVABLAST 5 | C31: DAILY | E31: ='05_v0.2_Benchmark'!O2 -> 5 | F31: ='05_v0.2_Benchmark'!P2 -> 4 | G31: ='05_v0.2_Benchmark'!Q2 -> 4 | H31: ='05_v0.2_Benchmark'!R2 -> 248.2 | I31: ='05_v0.2_Benchmark'!S2 -> 8.2 | J31: ='05_v0.2_Benchmark'!T2 -> NONE | K31: ='05_v0.2_Benchmark'!U2 -> STANDARD | L31: ='05_v0.2_Benchmark'!V2 -> TRUE | ... N31: ='05_v0.2_Benchmark'!X2 -> ALL | O31: AGGRESSIVE_RIDE;FIT_NARROW;HEAVY;OTHER | P31: DURABILITY;HEAT_BREATHABILITY;WET_GRIP | Q31: 8 | R31: A_RTINGS | RTINGS_DIRECT | 공식/기존 Review Evidence 병행 | S31: PERF_NORM_v0.2 / USE_CASE_v0.2 / FIT_v0.2 | T31: VERIFIED | U31: =COUNTBLANK(E31:I31)+IF(J31="UNKNOWN",1,0)+IF(K31="UNKNOWN",1,0)+IF(L31="UNKNOWN",1,0)+IF(M31="UNKNOWN",1,0)+IF(N31="UNKNOWN",1,0) -> 0 | V31: =IF(U31=0,"",_xludf.TEXTJOIN(", ",TRUE,IF(E31="","cushion_score",""),IF(F31="","stability_score",""),IF(G31="","responsiveness_score",""),IF(H31="","weight_g",""),IF(I31="","drop_mm",""),IF(J31="UNKNOWN","plate_type",""),IF(K31="UNKNOWN","fit_width",""),IF(L31="UNKNOWN","wide_option",""),IF(M31="UNKNOWN","runner_level_fit",""),IF(N31="UNKNOWN","distance_fit",""))) | W31: =AND(U31=0,T31="VERIFIED") -> TRUE
A32: GM-AS-SUPERBLAST-2 | B32: ASICS SUPERBLAST 2 | C32: TEMPO | D32: LONG | J32: NONE | K32: UNKNOWN | L32: UNKNOWN | M32: UNKNOWN | N32: LONG | O32: FIT_NARROW;OTHER | P32: BLISTER | Q32: 2 | R32: Official migrated + external review 2건 | S32: USE_CASE_MIGRATION_v0.1 / FIT_CAUTION_RULE_v0.1 | T32: DRAFT | U32: =COUNTBLANK(E32:I32)+IF(J32="UNKNOWN",1,0)+IF(K32="UNKNOWN",1,0)+IF(L32="UNKNOWN",1,0)+IF(M32="UNKNOWN",1,0)+IF(N32="UNKNOWN",1,0) -> 8 | V32: cushion_score, stability_score, responsiveness_score, weight_g, drop_mm, fit_width, wide_option, runner_level_fit | W32: =AND(U32=0,T32="VERIFIED") -> FALSE
A33: GM-AS-SUPERBLAST-3 | B33: ASICS SUPERBLAST 3 | C33: TEMPO | D33: LONG | E33: ='05_v0.2_Benchmark'!O20 -> 5 | F33: ='05_v0.2_Benchmark'!P20 -> 4 | G33: ='05_v0.2_Benchmark'!Q20 -> 4 | H33: ='05_v0.2_Benchmark'!R20 -> 232.6 | I33: ='05_v0.2_Benchmark'!S20 -> 7.1 | J33: ='05_v0.2_Benchmark'!T20 -> NONE | K33: ='05_v0.2_Benchmark'!U20 -> NARROW | L33: ='05_v0.2_Benchmark'!V20 -> FALSE | ... N33: ='05_v0.2_Benchmark'!X20 -> ALL | O33: FIT_NARROW;STABILITY_LOW | Q33: 1 | R33: A_RTINGS | RTINGS_COMPOSITE | 공식/기존 Review Evidence 병행 | S33: PERF_NORM_v0.2 / USE_CASE_v0.2 / FIT_v0.2 | T33: VERIFIED | U33: =COUNTBLANK(E33:I33)+IF(J33="UNKNOWN",1,0)+IF(K33="UNKNOWN",1,0)+IF(L33="UNKNOWN",1,0)+IF(M33="UNKNOWN",1,0)+IF(N33="UNKNOWN",1,0) -> 0 | V33: =IF(U33=0,"",_xludf.TEXTJOIN(", ",TRUE,IF(E33="","cushion_score",""),IF(F33="","stability_score",""),IF(G33="","responsiveness_score",""),IF(H33="","weight_g",""),IF(I33="","drop_mm",""),IF(J33="UNKNOWN","plate_type",""),IF(K33="UNKNOWN","fit_width",""),IF(L33="UNKNOWN","wide_option",""),IF(M33="UNKNOWN","runner_level_fit",""),IF(N33="UNKNOWN","distance_fit",""))) | W33: =AND(U33=0,T33="VERIFIED") -> TRUE
A34: GM-AS-METASPEED-SKY-TOKYO | B34: ASICS METASPEED SKY TOKYO | C34: RACE | E34: ='05_v0.2_Benchmark'!O25 -> 5 | F34: ='05_v0.2_Benchmark'!P25 -> 3 | G34: ='05_v0.2_Benchmark'!Q25 -> 4 | H34: ='05_v0.2_Benchmark'!R25 -> 157.3 | I34: ='05_v0.2_Benchmark'!S25 -> 4.7 | J34: ='05_v0.2_Benchmark'!T25 -> CARBON | K34: ='05_v0.2_Benchmark'!U25 -> NARROW | L34: ='05_v0.2_Benchmark'!V25 -> FALSE | ... N34: ='05_v0.2_Benchmark'!X25 -> LONG | O34: AGGRESSIVE_RIDE;OTHER;STABILITY_LOW | Q34: 2 | R34: A_RTINGS | RTINGS_COMPOSITE | 공식/기존 Review Evidence 병행 | S34: PERF_NORM_v0.2 / USE_CASE_v0.2 / FIT_v0.2 | T34: VERIFIED | U34: =COUNTBLANK(E34:I34)+IF(J34="UNKNOWN",1,0)+IF(K34="UNKNOWN",1,0)+IF(L34="UNKNOWN",1,0)+IF(M34="UNKNOWN",1,0)+IF(N34="UNKNOWN",1,0) -> 0 | V34: =IF(U34=0,"",_xludf.TEXTJOIN(", ",TRUE,IF(E34="","cushion_score",""),IF(F34="","stability_score",""),IF(G34="","responsiveness_score",""),IF(H34="","weight_g",""),IF(I34="","drop_mm",""),IF(J34="UNKNOWN","plate_type",""),IF(K34="UNKNOWN","fit_width",""),IF(L34="UNKNOWN","wide_option",""),IF(M34="UNKNOWN","runner_level_fit",""),IF(N34="UNKNOWN","distance_fit",""))) | W34: =AND(U34=0,T34="VERIFIED") -> TRUE
A35: GM-AS-METASPEED-EDGE-TOKYO | B35: ASICS METASPEED EDGE TOKYO | C35: RACE | J35: CARBON | K35: UNKNOWN | L35: UNKNOWN | M35: ADVANCED | N35: UNKNOWN | O35: OTHER | P35: BLISTER | Q35: 1 | R35: Official migrated + external review 1건 | S35: USE_CASE_MIGRATION_v0.1 / FIT_CAUTION_RULE_v0.1 | T35: DRAFT | U35: =COUNTBLANK(E35:I35)+IF(J35="UNKNOWN",1,0)+IF(K35="UNKNOWN",1,0)+IF(L35="UNKNOWN",1,0)+IF(M35="UNKNOWN",1,0)+IF(N35="UNKNOWN",1,0) -> 8 | V35: cushion_score, stability_score, responsiveness_score, weight_g, drop_mm, fit_width, wide_option, distance_fit | W35: =AND(U35=0,T35="VERIFIED") -> FALSE
A36: GM-AS-MAGIC-SPEED-5 | B36: ASICS Magic Speed 5 | C36: TEMPO | E36: ='05_v0.2_Benchmark'!O19 -> 4 | F36: ='05_v0.2_Benchmark'!P19 -> 4 | G36: ='05_v0.2_Benchmark'!Q19 -> 4 | H36: ='05_v0.2_Benchmark'!R19 -> 199.5 | I36: ='05_v0.2_Benchmark'!S19 -> 6.9 | J36: ='05_v0.2_Benchmark'!T19 -> CARBON | K36: ='05_v0.2_Benchmark'!U19 -> NARROW | L36: ='05_v0.2_Benchmark'!V19 -> FALSE | ... N36: ='05_v0.2_Benchmark'!X19 -> MID | Q36: 0 | R36: A_RTINGS | RTINGS_DIRECT | 공식/기존 Review Evidence 병행 | S36: PERF_NORM_v0.2 / USE_CASE_v0.2 / FIT_v0.2 | T36: VERIFIED | U36: =COUNTBLANK(E36:I36)+IF(J36="UNKNOWN",1,0)+IF(K36="UNKNOWN",1,0)+IF(L36="UNKNOWN",1,0)+IF(M36="UNKNOWN",1,0)+IF(N36="UNKNOWN",1,0) -> 0 | V36: =IF(U36=0,"",_xludf.TEXTJOIN(", ",TRUE,IF(E36="","cushion_score",""),IF(F36="","stability_score",""),IF(G36="","responsiveness_score",""),IF(H36="","weight_g",""),IF(I36="","drop_mm",""),IF(J36="UNKNOWN","plate_type",""),IF(K36="UNKNOWN","fit_width",""),IF(L36="UNKNOWN","wide_option",""),IF(M36="UNKNOWN","runner_level_fit",""),IF(N36="UNKNOWN","distance_fit",""))) | W36: =AND(U36=0,T36="VERIFIED") -> TRUE
A37: GM-AS-MAGIC-SPEED-4 | B37: ASICS Magic Speed 4 | C37: TEMPO | J37: CARBON | K37: UNKNOWN | L37: UNKNOWN | M37: BEGINNER | N37: UNKNOWN | O37: HEAVY;OTHER | P37: BLISTER | Q37: 2 | R37: Official migrated + external review 2건 | S37: USE_CASE_MIGRATION_v0.1 / FIT_CAUTION_RULE_v0.1 | T37: DRAFT | U37: =COUNTBLANK(E37:I37)+IF(J37="UNKNOWN",1,0)+IF(K37="UNKNOWN",1,0)+IF(L37="UNKNOWN",1,0)+IF(M37="UNKNOWN",1,0)+IF(N37="UNKNOWN",1,0) -> 8 | V37: cushion_score, stability_score, responsiveness_score, weight_g, drop_mm, fit_width, wide_option, distance_fit | W37: =AND(U37=0,T37="VERIFIED") -> FALSE
A38: GM-SC-RIDE-19 | B38: Saucony Ride 19 | C38: DAILY | E38: ='05_v0.2_Benchmark'!O4 -> 4 | F38: ='05_v0.2_Benchmark'!P4 -> 4 | G38: ='05_v0.2_Benchmark'!Q4 -> 4 | H38: ='05_v0.2_Benchmark'!R4 -> 257.6 | I38: ='05_v0.2_Benchmark'!S4 -> 9.8 | J38: ='05_v0.2_Benchmark'!T4 -> NONE | K38: ='05_v0.2_Benchmark'!U4 -> NARROW | L38: ='05_v0.2_Benchmark'!V4 -> TRUE | ... N38: ='05_v0.2_Benchmark'!X4 -> ALL | O38: FIT_NARROW;OTHER | P38: HEAT_BREATHABILITY;WET_GRIP | Q38: 4 | R38: A_RTINGS | RTINGS_DIRECT | 공식/기존 Review Evidence 병행 | S38: PERF_NORM_v0.2 / USE_CASE_v0.2 / FIT_v0.2 | T38: VERIFIED | U38: =COUNTBLANK(E38:I38)+IF(J38="UNKNOWN",1,0)+IF(K38="UNKNOWN",1,0)+IF(L38="UNKNOWN",1,0)+IF(M38="UNKNOWN",1,0)+IF(N38="UNKNOWN",1,0) -> 0 | V38: =IF(U38=0,"",_xludf.TEXTJOIN(", ",TRUE,IF(E38="","cushion_score",""),IF(F38="","stability_score",""),IF(G38="","responsiveness_score",""),IF(H38="","weight_g",""),IF(I38="","drop_mm",""),IF(J38="UNKNOWN","plate_type",""),IF(K38="UNKNOWN","fit_width",""),IF(L38="UNKNOWN","wide_option",""),IF(M38="UNKNOWN","runner_level_fit",""),IF(N38="UNKNOWN","distance_fit",""))) | W38: =AND(U38=0,T38="VERIFIED") -> TRUE
A39: GM-SC-TRIUMPH-23 | B39: Saucony Triumph 23 | C39: LONG | D39: RECOVERY | E39: ='05_v0.2_Benchmark'!O13 -> 4 | F39: ='05_v0.2_Benchmark'!P13 -> 4 | G39: ='05_v0.2_Benchmark'!Q13 -> 4 | H39: ='05_v0.2_Benchmark'!R13 -> 264.8 | I39: ='05_v0.2_Benchmark'!S13 -> 9.6 | J39: ='05_v0.2_Benchmark'!T13 -> NONE | K39: ='05_v0.2_Benchmark'!U13 -> STANDARD | L39: ='05_v0.2_Benchmark'!V13 -> TRUE | ... N39: ='05_v0.2_Benchmark'!X13 -> LONG | O39: AGGRESSIVE_RIDE;FIT_NARROW;OTHER | P39: FOREFOOT_PRESSURE | Q39: 5 | R39: A_RTINGS | RTINGS_COMPOSITE | 공식/기존 Review Evidence 병행 | S39: PERF_NORM_v0.2 / USE_CASE_v0.2 / FIT_v0.2 | T39: VERIFIED | U39: =COUNTBLANK(E39:I39)+IF(J39="UNKNOWN",1,0)+IF(K39="UNKNOWN",1,0)+IF(L39="UNKNOWN",1,0)+IF(M39="UNKNOWN",1,0)+IF(N39="UNKNOWN",1,0) -> 0 | V39: =IF(U39=0,"",_xludf.TEXTJOIN(", ",TRUE,IF(E39="","cushion_score",""),IF(F39="","stability_score",""),IF(G39="","responsiveness_score",""),IF(H39="","weight_g",""),IF(I39="","drop_mm",""),IF(J39="UNKNOWN","plate_type",""),IF(K39="UNKNOWN","fit_width",""),IF(L39="UNKNOWN","wide_option",""),IF(M39="UNKNOWN","runner_level_fit",""),IF(N39="UNKNOWN","distance_fit",""))) | W39: =AND(U39=0,T39="VERIFIED") -> TRUE
A40: GM-SC-GUIDE-19 | B40: Saucony Guide 19 | C40: STABILITY | E40: ='05_v0.2_Benchmark'!O18 -> 4 | F40: ='05_v0.2_Benchmark'!P18 -> 5 | G40: ='05_v0.2_Benchmark'!Q18 -> 3 | H40: ='05_v0.2_Benchmark'!R18 -> 294.5 | I40: ='05_v0.2_Benchmark'!S18 -> 6.7 | J40: ='05_v0.2_Benchmark'!T18 -> NONE | K40: ='05_v0.2_Benchmark'!U18 -> WIDE | L40: ='05_v0.2_Benchmark'!V18 -> TRUE | ... N40: ='05_v0.2_Benchmark'!X18 -> ALL | O40: FIT_WIDE;HEAVY;OTHER | P40: WET_GRIP | Q40: 4 | R40: A_RTINGS | RTINGS_DIRECT | 공식/기존 Review Evidence 병행 | S40: PERF_NORM_v0.2 / USE_CASE_v0.2 / FIT_v0.2 | T40: VERIFIED | U40: =COUNTBLANK(E40:I40)+IF(J40="UNKNOWN",1,0)+IF(K40="UNKNOWN",1,0)+IF(L40="UNKNOWN",1,0)+IF(M40="UNKNOWN",1,0)+IF(N40="UNKNOWN",1,0) -> 0 | V40: =IF(U40=0,"",_xludf.TEXTJOIN(", ",TRUE,IF(E40="","cushion_score",""),IF(F40="","stability_score",""),IF(G40="","responsiveness_score",""),IF(H40="","weight_g",""),IF(I40="","drop_mm",""),IF(J40="UNKNOWN","plate_type",""),IF(K40="UNKNOWN","fit_width",""),IF(L40="UNKNOWN","wide_option",""),IF(M40="UNKNOWN","runner_level_fit",""),IF(N40="UNKNOWN","distance_fit",""))) | W40: =AND(U40=0,T40="VERIFIED") -> TRUE
A41: GM-SC-ENDORPHIN-SPEED-5 | B41: Saucony Endorphin Speed 5 | C41: TEMPO | D41: LONG | E41: ='05_v0.2_Benchmark'!O22 -> 4 | F41: ='05_v0.2_Benchmark'!P22 -> 4 | G41: ='05_v0.2_Benchmark'!Q22 -> 4 | H41: ='05_v0.2_Benchmark'!R22 -> 239.2 | I41: ='05_v0.2_Benchmark'!S22 -> 8.4 | J41: ='05_v0.2_Benchmark'!T22 -> NYLON | K41: ='05_v0.2_Benchmark'!U22 -> STANDARD | L41: ='05_v0.2_Benchmark'!V22 -> TRUE | ... N41: ='05_v0.2_Benchmark'!X22 -> ALL | O41: OTHER | P41: DURABILITY | Q41: 6 | R41: A_RTINGS | RTINGS_DIRECT | 공식/기존 Review Evidence 병행 | S41: PERF_NORM_v0.2 / USE_CASE_v0.2 / FIT_v0.2 | T41: VERIFIED | U41: =COUNTBLANK(E41:I41)+IF(J41="UNKNOWN",1,0)+IF(K41="UNKNOWN",1,0)+IF(L41="UNKNOWN",1,0)+IF(M41="UNKNOWN",1,0)+IF(N41="UNKNOWN",1,0) -> 0 | V41: =IF(U41=0,"",_xludf.TEXTJOIN(", ",TRUE,IF(E41="","cushion_score",""),IF(F41="","stability_score",""),IF(G41="","responsiveness_score",""),IF(H41="","weight_g",""),IF(I41="","drop_mm",""),IF(J41="UNKNOWN","plate_type",""),IF(K41="UNKNOWN","fit_width",""),IF(L41="UNKNOWN","wide_option",""),IF(M41="UNKNOWN","runner_level_fit",""),IF(N41="UNKNOWN","distance_fit",""))) | W41: =AND(U41=0,T41="VERIFIED") -> TRUE
A42: GM-SC-ENDORPHIN-PRO-5 | B42: Saucony Endorphin Pro 5 | C42: RACE | E42: ='05_v0.2_Benchmark'!O30 -> 4 | F42: ='05_v0.2_Benchmark'!P30 -> 4 | G42: ='05_v0.2_Benchmark'!Q30 -> 5 | H42: ='05_v0.2_Benchmark'!R30 -> 212.4 | I42: ='05_v0.2_Benchmark'!S30 -> 10.1 | J42: ='05_v0.2_Benchmark'!T30 -> CARBON | K42: ='05_v0.2_Benchmark'!U30 -> STANDARD | L42: ='05_v0.2_Benchmark'!V30 -> FALSE | ... N42: ='05_v0.2_Benchmark'!X30 -> LONG | O42: OTHER | P42: BLISTER;DURABILITY;HEAT_BREATHABILITY | Q42: 3 | R42: A_RTINGS | RTINGS_DIRECT | 공식/기존 Review Evidence 병행 | S42: PERF_NORM_v0.2 / USE_CASE_v0.2 / FIT_v0.2 | T42: VERIFIED | U42: =COUNTBLANK(E42:I42)+IF(J42="UNKNOWN",1,0)+IF(K42="UNKNOWN",1,0)+IF(L42="UNKNOWN",1,0)+IF(M42="UNKNOWN",1,0)+IF(N42="UNKNOWN",1,0) -> 0 | V42: =IF(U42=0,"",_xludf.TEXTJOIN(", ",TRUE,IF(E42="","cushion_score",""),IF(F42="","stability_score",""),IF(G42="","responsiveness_score",""),IF(H42="","weight_g",""),IF(I42="","drop_mm",""),IF(J42="UNKNOWN","plate_type",""),IF(K42="UNKNOWN","fit_width",""),IF(L42="UNKNOWN","wide_option",""),IF(M42="UNKNOWN","runner_level_fit",""),IF(N42="UNKNOWN","distance_fit",""))) | W42: =AND(U42=0,T42="VERIFIED") -> TRUE
A43: GM-MZ-WAVE-RIDER-29 | B43: Mizuno Wave Rider 29 | C43: DAILY | E43: ='05_v0.2_Benchmark'!O8 -> 4 | F43: ='05_v0.2_Benchmark'!P8 -> 4 | G43: ='05_v0.2_Benchmark'!Q8 -> 2 | H43: ='05_v0.2_Benchmark'!R8 -> 262.1 | I43: ='05_v0.2_Benchmark'!S8 -> 8.4 | J43: ='05_v0.2_Benchmark'!T8 -> OTHER | K43: ='05_v0.2_Benchmark'!U8 -> NARROW | L43: ='05_v0.2_Benchmark'!V8 -> TRUE | ... N43: ='05_v0.2_Benchmark'!X8 -> ALL | O43: FIT_NARROW;HEAVY;OTHER | Q43: 5 | R43: A_RTINGS | RTINGS_ER_PROXY | 공식/기존 Review Evidence 병행 | S43: PERF_NORM_v0.2 / USE_CASE_v0.2 / FIT_v0.2 | T43: VERIFIED | U43: =COUNTBLANK(E43:I43)+IF(J43="UNKNOWN",1,0)+IF(K43="UNKNOWN",1,0)+IF(L43="UNKNOWN",1,0)+IF(M43="UNKNOWN",1,0)+IF(N43="UNKNOWN",1,0) -> 0 | V43: =IF(U43=0,"",_xludf.TEXTJOIN(", ",TRUE,IF(E43="","cushion_score",""),IF(F43="","stability_score",""),IF(G43="","responsiveness_score",""),IF(H43="","weight_g",""),IF(I43="","drop_mm",""),IF(J43="UNKNOWN","plate_type",""),IF(K43="UNKNOWN","fit_width",""),IF(L43="UNKNOWN","wide_option",""),IF(M43="UNKNOWN","runner_level_fit",""),IF(N43="UNKNOWN","distance_fit",""))) | W43: =AND(U43=0,T43="VERIFIED") -> TRUE
A44: GM-MZ-WAVE-INSPIRE-22 | B44: Mizuno Wave Inspire 22 | C44: STABILITY | E44: ='05_v0.2_Benchmark'!O15 -> 3 | F44: ='05_v0.2_Benchmark'!P15 -> 4 | G44: ='05_v0.2_Benchmark'!Q15 -> 2 | H44: ='05_v0.2_Benchmark'!R15 -> 280 | I44: ='05_v0.2_Benchmark'!S15 -> 7.6 | J44: ='05_v0.2_Benchmark'!T15 -> OTHER | K44: ='05_v0.2_Benchmark'!U15 -> STANDARD | L44: ='05_v0.2_Benchmark'!V15 -> TRUE | ... N44: ='05_v0.2_Benchmark'!X15 -> ALL | O44: OTHER | Q44: 2 | R44: B_RUNREPEAT | RUNREPEAT_RELATIVE | 공식/기존 Review Evidence 병행 | S44: PERF_NORM_v0.2 / USE_CASE_v0.2 / FIT_v0.2 | T44: VERIFIED | U44: =COUNTBLANK(E44:I44)+IF(J44="UNKNOWN",1,0)+IF(K44="UNKNOWN",1,0)+IF(L44="UNKNOWN",1,0)+IF(M44="UNKNOWN",1,0)+IF(N44="UNKNOWN",1,0) -> 0 | V44: =IF(U44=0,"",_xludf.TEXTJOIN(", ",TRUE,IF(E44="","cushion_score",""),IF(F44="","stability_score",""),IF(G44="","responsiveness_score",""),IF(H44="","weight_g",""),IF(I44="","drop_mm",""),IF(J44="UNKNOWN","plate_type",""),IF(K44="UNKNOWN","fit_width",""),IF(L44="UNKNOWN","wide_option",""),IF(M44="UNKNOWN","runner_level_fit",""),IF(N44="UNKNOWN","distance_fit",""))) | W44: =AND(U44=0,T44="VERIFIED") -> TRUE
A45: GM-MZ-WAVE-SKY-9 | B45: Mizuno Wave Sky 9 | C45: LONG | D45: RECOVERY | J45: UNKNOWN | K45: NARROW | L45: UNKNOWN | M45: UNKNOWN | N45: LONG | O45: FIT_NARROW;HEAVY;OTHER | P45: FOREFOOT_PRESSURE;HEAT_BREATHABILITY | Q45: 7 | R45: Official migrated + external review 7건 | S45: USE_CASE_MIGRATION_v0.1 / FIT_CAUTION_RULE_v0.1 | T45: DRAFT | U45: =COUNTBLANK(E45:I45)+IF(J45="UNKNOWN",1,0)+IF(K45="UNKNOWN",1,0)+IF(L45="UNKNOWN",1,0)+IF(M45="UNKNOWN",1,0)+IF(N45="UNKNOWN",1,0) -> 8 | V45: cushion_score, stability_score, responsiveness_score, weight_g, drop_mm, plate_type, wide_option, runner_level_fit | W45: =AND(U45=0,T45="VERIFIED") -> FALSE
A46: GM-MZ-WAVE-REBELLION-FLASH-3 | B46: Mizuno Wave Rebellion Flash 3 | C46: TEMPO | E46: ='05_v0.2_Benchmark'!O26 -> 5 | F46: ='05_v0.2_Benchmark'!P26 -> 4 | G46: ='05_v0.2_Benchmark'!Q26 -> 4 | H46: ='05_v0.2_Benchmark'!R26 -> 243.9 | I46: ='05_v0.2_Benchmark'!S26 -> 5.4 | J46: ='05_v0.2_Benchmark'!T26 -> OTHER | K46: ='05_v0.2_Benchmark'!U26 -> STANDARD | L46: ='05_v0.2_Benchmark'!V26 -> FALSE | ... N46: ='05_v0.2_Benchmark'!X26 -> MID | O46: AGGRESSIVE_RIDE;OTHER | P46: HEEL_SLIP | Q46: 4 | R46: A_RTINGS | RTINGS_ER_PROXY | 공식/기존 Review Evidence 병행 | S46: PERF_NORM_v0.2 / USE_CASE_v0.2 / FIT_v0.2 | T46: VERIFIED | U46: =COUNTBLANK(E46:I46)+IF(J46="UNKNOWN",1,0)+IF(K46="UNKNOWN",1,0)+IF(L46="UNKNOWN",1,0)+IF(M46="UNKNOWN",1,0)+IF(N46="UNKNOWN",1,0) -> 0 | V46: =IF(U46=0,"",_xludf.TEXTJOIN(", ",TRUE,IF(E46="","cushion_score",""),IF(F46="","stability_score",""),IF(G46="","responsiveness_score",""),IF(H46="","weight_g",""),IF(I46="","drop_mm",""),IF(J46="UNKNOWN","plate_type",""),IF(K46="UNKNOWN","fit_width",""),IF(L46="UNKNOWN","wide_option",""),IF(M46="UNKNOWN","runner_level_fit",""),IF(N46="UNKNOWN","distance_fit",""))) | W46: =AND(U46=0,T46="VERIFIED") -> TRUE
A47: GM-MZ-WAVE-REBELLION-PRO-3 | B47: Mizuno Wave Rebellion Pro 3 | C47: RACE | J47: CARBON | K47: UNKNOWN | L47: UNKNOWN | M47: ADVANCED | N47: LONG | O47: AGGRESSIVE_RIDE;OTHER;STABILITY_LOW | P47: BLISTER;HEEL_SLIP | Q47: 4 | R47: Official migrated + external review 4건 | S47: USE_CASE_MIGRATION_v0.1 / FIT_CAUTION_RULE_v0.1 | T47: DRAFT | U47: =COUNTBLANK(E47:I47)+IF(J47="UNKNOWN",1,0)+IF(K47="UNKNOWN",1,0)+IF(L47="UNKNOWN",1,0)+IF(M47="UNKNOWN",1,0)+IF(N47="UNKNOWN",1,0) -> 7 | V47: cushion_score, stability_score, responsiveness_score, weight_g, drop_mm, fit_width, wide_option | W47: =AND(U47=0,T47="VERIFIED") -> FALSE
A48: GM-PM-VELOCITY-NITRO-4 | B48: PUMA Velocity NITRO 4 | C48: DAILY | D48: LONG | E48: ='05_v0.2_Benchmark'!O12 -> 4 | F48: ='05_v0.2_Benchmark'!P12 -> 4 | G48: ='05_v0.2_Benchmark'!Q12 -> 4 | H48: ='05_v0.2_Benchmark'!R12 -> 232.3 | I48: ='05_v0.2_Benchmark'!S12 -> 10.1 | J48: ='05_v0.2_Benchmark'!T12 -> NONE | K48: ='05_v0.2_Benchmark'!U12 -> NARROW | L48: ='05_v0.2_Benchmark'!V12 -> FALSE | ... N48: ='05_v0.2_Benchmark'!X12 -> ALL | O48: FIT_NARROW;OTHER | P48: BLISTER;HEAT_BREATHABILITY | Q48: 9 | R48: A_RTINGS | RTINGS_ER_PROXY | 공식/기존 Review Evidence 병행 | S48: PERF_NORM_v0.2 / USE_CASE_v0.2 / FIT_v0.2 | T48: VERIFIED | U48: =COUNTBLANK(E48:I48)+IF(J48="UNKNOWN",1,0)+IF(K48="UNKNOWN",1,0)+IF(L48="UNKNOWN",1,0)+IF(M48="UNKNOWN",1,0)+IF(N48="UNKNOWN",1,0) -> 0 | V48: =IF(U48=0,"",_xludf.TEXTJOIN(", ",TRUE,IF(E48="","cushion_score",""),IF(F48="","stability_score",""),IF(G48="","responsiveness_score",""),IF(H48="","weight_g",""),IF(I48="","drop_mm",""),IF(J48="UNKNOWN","plate_type",""),IF(K48="UNKNOWN","fit_width",""),IF(L48="UNKNOWN","wide_option",""),IF(M48="UNKNOWN","runner_level_fit",""),IF(N48="UNKNOWN","distance_fit",""))) | W48: =AND(U48=0,T48="VERIFIED") -> TRUE
A49: GM-PM-MAGMAX-NITRO-2 | B49: PUMA MagMax NITRO 2 | C49: LONG | D49: RECOVERY | J49: UNKNOWN | K49: UNKNOWN | L49: UNKNOWN | M49: UNKNOWN | N49: LONG | O49: FIT_NARROW;HEAVY;OTHER | P49: HEEL_SLIP | Q49: 7 | R49: Official migrated + external review 7건 | S49: USE_CASE_MIGRATION_v0.1 / FIT_CAUTION_RULE_v0.1 | T49: DRAFT | U49: =COUNTBLANK(E49:I49)+IF(J49="UNKNOWN",1,0)+IF(K49="UNKNOWN",1,0)+IF(L49="UNKNOWN",1,0)+IF(M49="UNKNOWN",1,0)+IF(N49="UNKNOWN",1,0) -> 9 | V49: cushion_score, stability_score, responsiveness_score, weight_g, drop_mm, plate_type, fit_width, wide_option, runner_level_fit | W49: =AND(U49=0,T49="VERIFIED") -> FALSE
A50: GM-PM-FOREVERRUN-NITRO-2-WIDE-BASE | B50: PUMA ForeverRun NITRO 2 Wide | C50: STABILITY | J50: UNKNOWN | K50: UNKNOWN | L50: TRUE | M50: UNKNOWN | N50: UNKNOWN | O50: AGGRESSIVE_RIDE;FIT_NARROW;OTHER | P50: HEAT_BREATHABILITY | Q50: 6 | R50: Official migrated + external review 6건 | S50: USE_CASE_MIGRATION_v0.1 / FIT_CAUTION_RULE_v0.1 | T50: DRAFT | U50: =COUNTBLANK(E50:I50)+IF(J50="UNKNOWN",1,0)+IF(K50="UNKNOWN",1,0)+IF(L50="UNKNOWN",1,0)+IF(M50="UNKNOWN",1,0)+IF(N50="UNKNOWN",1,0) -> 9 | V50: cushion_score, stability_score, responsiveness_score, weight_g, drop_mm, plate_type, fit_width, runner_level_fit, distance_fit | W50: =AND(U50=0,T50="VERIFIED") -> FALSE
A51: GM-PM-DEVIATE-NITRO-4 | B51: PUMA Deviate NITRO 4 | C51: TEMPO | D51: LONG | E51: ='05_v0.2_Benchmark'!O28 -> 4 | F51: ='05_v0.2_Benchmark'!P28 -> 4 | G51: ='05_v0.2_Benchmark'!Q28 -> 4 | H51: ='05_v0.2_Benchmark'!R28 -> 244.4 | I51: ='05_v0.2_Benchmark'!S28 -> 7 | J51: ='05_v0.2_Benchmark'!T28 -> CARBON | K51: ='05_v0.2_Benchmark'!U28 -> NARROW | L51: ='05_v0.2_Benchmark'!V28 -> TRUE | ... N51: ='05_v0.2_Benchmark'!X28 -> ALL | O51: AGGRESSIVE_RIDE;FIT_NARROW;OTHER | P51: HEAT_BREATHABILITY;HEEL_SLIP | Q51: 5 | R51: A_RTINGS | RTINGS_ER_PROXY | 공식/기존 Review Evidence 병행 | S51: PERF_NORM_v0.2 / USE_CASE_v0.2 / FIT_v0.2 | T51: VERIFIED | U51: =COUNTBLANK(E51:I51)+IF(J51="UNKNOWN",1,0)+IF(K51="UNKNOWN",1,0)+IF(L51="UNKNOWN",1,0)+IF(M51="UNKNOWN",1,0)+IF(N51="UNKNOWN",1,0) -> 0 | V51: =IF(U51=0,"",_xludf.TEXTJOIN(", ",TRUE,IF(E51="","cushion_score",""),IF(F51="","stability_score",""),IF(G51="","responsiveness_score",""),IF(H51="","weight_g",""),IF(I51="","drop_mm",""),IF(J51="UNKNOWN","plate_type",""),IF(K51="UNKNOWN","fit_width",""),IF(L51="UNKNOWN","wide_option",""),IF(M51="UNKNOWN","runner_level_fit",""),IF(N51="UNKNOWN","distance_fit",""))) | W51: =AND(U51=0,T51="VERIFIED") -> TRUE
A52: GM-PM-FAST-R-NITRO-ELITE-3 | B52: PUMA Fast-R NITRO Elite 3 | C52: RACE | E52: ='05_v0.2_Benchmark'!O29 -> 5 | F52: ='05_v0.2_Benchmark'!P29 -> 3 | G52: ='05_v0.2_Benchmark'!Q29 -> 4 | H52: ='05_v0.2_Benchmark'!R29 -> 173.3 | I52: ='05_v0.2_Benchmark'!S29 -> 8.9 | J52: ='05_v0.2_Benchmark'!T29 -> CARBON | K52: ='05_v0.2_Benchmark'!U29 -> NARROW | L52: ='05_v0.2_Benchmark'!V29 -> FALSE | ... N52: ='05_v0.2_Benchmark'!X29 -> LONG | O52: AGGRESSIVE_RIDE;FIT_NARROW;OTHER;STABILITY_LOW | P52: DURABILITY;FOREFOOT_PRESSURE | Q52: 7 | R52: A_RTINGS | RTINGS_COMPOSITE | 공식/기존 Review Evidence 병행 | S52: PERF_NORM_v0.2 / USE_CASE_v0.2 / FIT_v0.2 | T52: VERIFIED | U52: =COUNTBLANK(E52:I52)+IF(J52="UNKNOWN",1,0)+IF(K52="UNKNOWN",1,0)+IF(L52="UNKNOWN",1,0)+IF(M52="UNKNOWN",1,0)+IF(N52="UNKNOWN",1,0) -> 0 | V52: =IF(U52=0,"",_xludf.TEXTJOIN(", ",TRUE,IF(E52="","cushion_score",""),IF(F52="","stability_score",""),IF(G52="","responsiveness_score",""),IF(H52="","weight_g",""),IF(I52="","drop_mm",""),IF(J52="UNKNOWN","plate_type",""),IF(K52="UNKNOWN","fit_width",""),IF(L52="UNKNOWN","wide_option",""),IF(M52="UNKNOWN","runner_level_fit",""),IF(N52="UNKNOWN","distance_fit",""))) | W52: =AND(U52=0,T52="VERIFIED") -> TRUE
A53: GM-ON-CLOUDRUNNER-3 | B53: On Cloudrunner 3 | C53: DAILY | J53: UNKNOWN | K53: NARROW | L53: UNKNOWN | M53: BEGINNER | N53: UNKNOWN | O53: FIT_NARROW;HEAVY;OTHER | P53: BLISTER;DURABILITY;FOREFOOT_PRESSURE | Q53: 3 | R53: Official migrated + external review 3건 | S53: USE_CASE_MIGRATION_v0.1 / FIT_CAUTION_RULE_v0.1 | T53: DRAFT | U53: =COUNTBLANK(E53:I53)+IF(J53="UNKNOWN",1,0)+IF(K53="UNKNOWN",1,0)+IF(L53="UNKNOWN",1,0)+IF(M53="UNKNOWN",1,0)+IF(N53="UNKNOWN",1,0) -> 8 | V53: cushion_score, stability_score, responsiveness_score, weight_g, drop_mm, plate_type, wide_option, distance_fit | W53: =AND(U53=0,T53="VERIFIED") -> FALSE
A54: GM-ON-CLOUDSURFER-2 | B54: On Cloudsurfer 2 | C54: DAILY | E54: ='05_v0.2_Benchmark'!O3 -> 4 | F54: ='05_v0.2_Benchmark'!P3 -> 4 | G54: ='05_v0.2_Benchmark'!Q3 -> 1 | H54: ='05_v0.2_Benchmark'!R3 -> 252.9 | I54: ='05_v0.2_Benchmark'!S3 -> 8.6 | J54: ='05_v0.2_Benchmark'!T3 -> NONE | K54: ='05_v0.2_Benchmark'!U3 -> STANDARD | L54: ='05_v0.2_Benchmark'!V3 -> FALSE | ... N54: ='05_v0.2_Benchmark'!X3 -> ALL | O54: OTHER | P54: FOREFOOT_PRESSURE | Q54: 5 | R54: A_RTINGS | RTINGS_ER_PROXY | 공식/기존 Review Evidence 병행 | S54: PERF_NORM_v0.2 / USE_CASE_v0.2 / FIT_v0.2 | T54: VERIFIED | U54: =COUNTBLANK(E54:I54)+IF(J54="UNKNOWN",1,0)+IF(K54="UNKNOWN",1,0)+IF(L54="UNKNOWN",1,0)+IF(M54="UNKNOWN",1,0)+IF(N54="UNKNOWN",1,0) -> 0 | V54: =IF(U54=0,"",_xludf.TEXTJOIN(", ",TRUE,IF(E54="","cushion_score",""),IF(F54="","stability_score",""),IF(G54="","responsiveness_score",""),IF(H54="","weight_g",""),IF(I54="","drop_mm",""),IF(J54="UNKNOWN","plate_type",""),IF(K54="UNKNOWN","fit_width",""),IF(L54="UNKNOWN","wide_option",""),IF(M54="UNKNOWN","runner_level_fit",""),IF(N54="UNKNOWN","distance_fit",""))) | W54: =AND(U54=0,T54="VERIFIED") -> TRUE
A55: GM-ON-CLOUDMONSTER-3 | B55: On Cloudmonster 3 | C55: LONG | D55: DAILY | J55: UNKNOWN | K55: UNKNOWN | L55: UNKNOWN | M55: UNKNOWN | N55: LONG | O55: OTHER | P55: HEAT_BREATHABILITY | Q55: 5 | R55: Official migrated + external review 5건 | S55: USE_CASE_MIGRATION_v0.1 / FIT_CAUTION_RULE_v0.1 | T55: DRAFT | U55: =COUNTBLANK(E55:I55)+IF(J55="UNKNOWN",1,0)+IF(K55="UNKNOWN",1,0)+IF(L55="UNKNOWN",1,0)+IF(M55="UNKNOWN",1,0)+IF(N55="UNKNOWN",1,0) -> 9 | V55: cushion_score, stability_score, responsiveness_score, weight_g, drop_mm, plate_type, fit_width, wide_option, runner_level_fit | W55: =AND(U55=0,T55="VERIFIED") -> FALSE
A56: GM-ON-CLOUDFLOW-5 | B56: On Cloudflow 5 | C56: TEMPO | D56: DAILY | J56: UNKNOWN | K56: NARROW | L56: UNKNOWN | M56: UNKNOWN | N56: UNKNOWN | O56: FIT_NARROW;OTHER;PLATE_STIFF | Q56: 6 | R56: Official migrated + external review 6건 | S56: USE_CASE_MIGRATION_v0.1 / FIT_CAUTION_RULE_v0.1 | T56: DRAFT | U56: =COUNTBLANK(E56:I56)+IF(J56="UNKNOWN",1,0)+IF(K56="UNKNOWN",1,0)+IF(L56="UNKNOWN",1,0)+IF(M56="UNKNOWN",1,0)+IF(N56="UNKNOWN",1,0) -> 9 | V56: cushion_score, stability_score, responsiveness_score, weight_g, drop_mm, plate_type, wide_option, runner_level_fit, distance_fit | W56: =AND(U56=0,T56="VERIFIED") -> FALSE
A57: GM-ON-CLOUDBOOM-STRIKE-BASE | B57: On Cloudboom Strike | C57: RACE | J57: CARBON | K57: NARROW | L57: UNKNOWN | M57: UNKNOWN | N57: LONG | O57: FIT_NARROW;OTHER;STABILITY_LOW | P57: BLISTER;DURABILITY;HEAT_BREATHABILITY;HEEL_SLIP;WET_GRIP | Q57: 12 | R57: Official migrated + external review 12건 | S57: USE_CASE_MIGRATION_v0.1 / FIT_CAUTION_RULE_v0.1 | T57: DRAFT | U57: =COUNTBLANK(E57:I57)+IF(J57="UNKNOWN",1,0)+IF(K57="UNKNOWN",1,0)+IF(L57="UNKNOWN",1,0)+IF(M57="UNKNOWN",1,0)+IF(N57="UNKNOWN",1,0) -> 7 | V57: cushion_score, stability_score, responsiveness_score, weight_g, drop_mm, wide_option, runner_level_fit | W57: =AND(U57=0,T57="VERIFIED") -> FALSE
A58: GM-BR-GHOST-18 | B58: Brooks Ghost 18 | C58: DAILY | J58: UNKNOWN | K58: UNKNOWN | L58: UNKNOWN | M58: BEGINNER | N58: UNKNOWN | O58: HEAVY;OTHER | Q58: 5 | R58: Official migrated + external review 5건 | S58: USE_CASE_MIGRATION_v0.1 / FIT_CAUTION_RULE_v0.1 | T58: DRAFT | U58: =COUNTBLANK(E58:I58)+IF(J58="UNKNOWN",1,0)+IF(K58="UNKNOWN",1,0)+IF(L58="UNKNOWN",1,0)+IF(M58="UNKNOWN",1,0)+IF(N58="UNKNOWN",1,0) -> 9 | V58: cushion_score, stability_score, responsiveness_score, weight_g, drop_mm, plate_type, fit_width, wide_option, distance_fit | W58: =AND(U58=0,T58="VERIFIED") -> FALSE
A59: GM-BR-GLYCERIN-23 | B59: Brooks Glycerin 23 | C59: LONG | D59: RECOVERY | J59: UNKNOWN | K59: UNKNOWN | L59: UNKNOWN | M59: UNKNOWN | N59: LONG | O59: FIT_NARROW;HEAVY;OTHER | P59: HEAT_BREATHABILITY;WET_GRIP | Q59: 5 | R59: Official migrated + external review 5건 | S59: USE_CASE_MIGRATION_v0.1 / FIT_CAUTION_RULE_v0.1 | T59: DRAFT | U59: =COUNTBLANK(E59:I59)+IF(J59="UNKNOWN",1,0)+IF(K59="UNKNOWN",1,0)+IF(L59="UNKNOWN",1,0)+IF(M59="UNKNOWN",1,0)+IF(N59="UNKNOWN",1,0) -> 9 | V59: cushion_score, stability_score, responsiveness_score, weight_g, drop_mm, plate_type, fit_width, wide_option, runner_level_fit | W59: =AND(U59=0,T59="VERIFIED") -> FALSE
A60: GM-BR-ADRENALINE-GTS-25 | B60: Brooks Adrenaline GTS 25 | C60: STABILITY | J60: UNKNOWN | K60: NARROW | L60: UNKNOWN | M60: UNKNOWN | N60: UNKNOWN | O60: FIT_NARROW;HEAVY;OTHER | P60: BLISTER;DURABILITY;FOREFOOT_PRESSURE;HEAT_BREATHABILITY;HEEL_SLIP;WET_GRIP | Q60: 10 | R60: Official migrated + external review 10건 | S60: USE_CASE_MIGRATION_v0.1 / FIT_CAUTION_RULE_v0.1 | T60: DRAFT | U60: =COUNTBLANK(E60:I60)+IF(J60="UNKNOWN",1,0)+IF(K60="UNKNOWN",1,0)+IF(L60="UNKNOWN",1,0)+IF(M60="UNKNOWN",1,0)+IF(N60="UNKNOWN",1,0) -> 9 | V60: cushion_score, stability_score, responsiveness_score, weight_g, drop_mm, plate_type, wide_option, runner_level_fit, distance_fit | W60: =AND(U60=0,T60="VERIFIED") -> FALSE
A61: GM-BR-GHOST-MAX-3 | B61: Brooks Ghost Max 3 | C61: LONG | J61: UNKNOWN | K61: UNKNOWN | L61: UNKNOWN | M61: UNKNOWN | N61: LONG | O61: FIT_WIDE;HEAVY;OTHER | P61: DURABILITY;HEAT_BREATHABILITY | Q61: 6 | R61: Official migrated + external review 6건 | S61: USE_CASE_MIGRATION_v0.1 / FIT_CAUTION_RULE_v0.1 | T61: DRAFT | U61: =COUNTBLANK(E61:I61)+IF(J61="UNKNOWN",1,0)+IF(K61="UNKNOWN",1,0)+IF(L61="UNKNOWN",1,0)+IF(M61="UNKNOWN",1,0)+IF(N61="UNKNOWN",1,0) -> 9 | V61: cushion_score, stability_score, responsiveness_score, weight_g, drop_mm, plate_type, fit_width, wide_option, runner_level_fit | W61: =AND(U61=0,T61="VERIFIED") -> FALSE
A62: GM-BR-HYPERION-ELITE-5 | B62: Brooks Hyperion Elite 5 | C62: RACE | J62: CARBON | K62: NARROW | L62: UNKNOWN | M62: ADVANCED | N62: ALL | O62: AGGRESSIVE_RIDE;FIT_NARROW;OTHER;STABILITY_LOW | P62: DURABILITY;FOREFOOT_PRESSURE;HEEL_SLIP | Q62: 6 | R62: Official migrated + external review 6건 | S62: USE_CASE_MIGRATION_v0.1 / FIT_CAUTION_RULE_v0.1 | T62: DRAFT | U62: =COUNTBLANK(E62:I62)+IF(J62="UNKNOWN",1,0)+IF(K62="UNKNOWN",1,0)+IF(L62="UNKNOWN",1,0)+IF(M62="UNKNOWN",1,0)+IF(N62="UNKNOWN",1,0) -> 6 | V62: cushion_score, stability_score, responsiveness_score, weight_g, drop_mm, wide_option | W62: =AND(U62=0,T62="VERIFIED") -> FALSE

Sheet 03_Product_Evidence
A1: evidence_id | B1: product_id | C1: evidence_level | D1: product_or_series | E1: attribute_name | F1: raw_value | G1: normalized_value | H1: source_type | I1: source_kind | J1: source_url | K1: verified_at | L1: confidence | M1: normalization_rule_version | N1: market_context | O1: notes
A2: EV-0001 | B2: GM-NK-PEGASUS-42 | C2: PRODUCT | D2: Nike Pegasus 42 | E2: MSRP_RAW | F2: 169,000원 | G2: 169000 | H2: OFFICIAL_BRAND | I2: MIGRATED_OFFICIAL_REFERENCE | J2: https://www.nike.com/kr/w/pegasus-running-shoes-37v7jz8nexhzy7ok | K2: 2026-07-01 | L2: MEDIUM | M2: PRICE_MIGRATION_v0.1 | N2: KR | O2: 기존 통합 DB의 공식 브랜드 출처 값을 이관. 범위 가격은 exact MSRP로 확정하지 않음.
A3: EV-V02-1000 | B3: GM-AS-NOVABLAST-5 | C3: PRODUCT | D3: ASICS NOVABLAST 5 | E3: CUSHION | F3: 8.1 | G3: See 05_v0.2_Benchmark row 2 | H3: INDEPENDENT_LAB | I3: RTINGS_DIRECT | J3: https://www.rtings.com/running-shoes/reviews/asics/novablast-5 | K3: 2026-08-28 | L3: HIGH | M3: PERF_NORM_v0.2 | N3: KR_MVP | O3: v0.2 research update. Source URL retained; commercial reuse/licensing must be reviewed before production.
A4: EV-V02-1001 | B4: GM-AS-NOVABLAST-5 | C4: PRODUCT | D4: ASICS NOVABLAST 5 | E4: STABILITY | F4: 7.5 | G4: See 05_v0.2_Benchmark row 2 | H4: INDEPENDENT_LAB | I4: RTINGS_DIRECT | J4: https://www.rtings.com/running-shoes/reviews/asics/novablast-5 | K4: 2026-08-28 | L4: HIGH | M4: PERF_NORM_v0.2 | N4: KR_MVP | O4: v0.2 research update. Source URL retained; commercial reuse/licensing must be reviewed before production.
A5: EV-V02-1002 | B5: GM-AS-NOVABLAST-5 | C5: PRODUCT | D5: ASICS NOVABLAST 5 | E5: RESPONSIVENESS | F5: 6.6 | G5: See 05_v0.2_Benchmark row 2 | H5: INDEPENDENT_LAB | I5: RTINGS_DIRECT | J5: https://www.rtings.com/running-shoes/reviews/asics/novablast-5 | K5: 2026-08-28 | L5: HIGH | M5: PERF_NORM_v0.2 | N5: KR_MVP | O5: v0.2 research update. Source URL retained; commercial reuse/licensing must be reviewed before production.
A6: EV-V02-1003 | B6: GM-AS-NOVABLAST-5 | C6: PRODUCT | D6: ASICS NOVABLAST 5 | E6: WEIGHT_G | F6: 248.2 | G6: See 05_v0.2_Benchmark row 2 | H6: INDEPENDENT_LAB | I6: RTINGS_DIRECT | J6: https://www.rtings.com/running-shoes/reviews/asics/novablast-5 | K6: 2026-08-28 | L6: HIGH | M6: PERF_NORM_v0.2 | N6: KR_MVP | O6: v0.2 research update. Source URL retained; commercial reuse/licensing must be reviewed before production.
A7: EV-V02-1004 | B7: GM-AS-NOVABLAST-5 | C7: PRODUCT | D7: ASICS NOVABLAST 5 | E7: DROP_MM | F7: 8.2 | G7: See 05_v0.2_Benchmark row 2 | H7: INDEPENDENT_LAB | I7: RTINGS_DIRECT | J7: https://www.rtings.com/running-shoes/reviews/asics/novablast-5 | K7: 2026-08-28 | L7: HIGH | M7: PERF_NORM_v0.2 | N7: KR_MVP | O7: v0.2 research update. Source URL retained; commercial reuse/licensing must be reviewed before production.
A8: EV-V02-1005 | B8: GM-AS-NOVABLAST-5 | C8: PRODUCT | D8: ASICS NOVABLAST 5 | E8: PLATE_TYPE | F8: NONE | G8: See 05_v0.2_Benchmark row 2 | H8: INDEPENDENT_LAB | I8: RTINGS_DIRECT | J8: https://www.rtings.com/running-shoes/reviews/asics/novablast-5 | K8: 2026-08-28 | L8: HIGH | M8: PERF_NORM_v0.2 | N8: KR_MVP | O8: v0.2 research update. Source URL retained; commercial reuse/licensing must be reviewed before production.
A9: EV-V02-1006 | B9: GM-AS-NOVABLAST-5 | C9: PRODUCT | D9: ASICS NOVABLAST 5 | E9: WIDE_OPTION | F9: TRUE | G9: See 05_v0.2_Benchmark row 2 | H9: INDEPENDENT_LAB | I9: RTINGS_DIRECT | J9: https://www.rtings.com/running-shoes/reviews/asics/novablast-5 | K9: 2026-08-28 | L9: HIGH | M9: PERF_NORM_v0.2 | N9: KR_MVP | O9: v0.2 research update. Source URL retained; commercial reuse/licensing must be reviewed before production.
A10: EV-V02-1007 | B10: GM-ON-CLOUDSURFER-2 | C10: PRODUCT | D10: On Cloudsurfer 2 | E10: CUSHION | F10: 6.6 | G10: See 05_v0.2_Benchmark row 3 | H10: INDEPENDENT_LAB | I10: RTINGS_ER_PROXY | J10: https://www.rtings.com/running-shoes/reviews/on/cloudsurfer-2 | K10: 2026-08-28 | L10: MEDIUM | M10: PERF_NORM_v0.2 | N10: KR_MVP | O10: v0.2 research update. Source URL retained; commercial reuse/licensing must be reviewed before production.
A11: EV-V02-1008 | B11: GM-ON-CLOUDSURFER-2 | C11: PRODUCT | D11: On Cloudsurfer 2 | E11: STABILITY | F11: 7.6 | G11: See 05_v0.2_Benchmark row 3 | H11: INDEPENDENT_LAB | I11: RTINGS_ER_PROXY | J11: https://www.rtings.com/running-shoes/reviews/on/cloudsurfer-2 | K11: 2026-08-28 | L11: MEDIUM | M11: PERF_NORM_v0.2 | N11: KR_MVP | O11: v0.2 research update. Source URL retained; commercial reuse/licensing must be reviewed before production.
A12: EV-V02-1009 | B12: GM-ON-CLOUDSURFER-2 | C12: PRODUCT | D12: On Cloudsurfer 2 | E12: RESPONSIVENESS | F12: 1.4 | G12: See 05_v0.2_Benchmark row 3 | H12: INDEPENDENT_LAB | I12: RTINGS_ER_PROXY | J12: https://www.rtings.com/running-shoes/reviews/on/cloudsurfer-2 | K12: 2026-08-28 | L12: MEDIUM | M12: PERF_NORM_v0.2 | N12: KR_MVP | O12: v0.2 research update. Source URL retained; commercial reuse/licensing must be reviewed before production.
A13: EV-V02-1010 | B13: GM-ON-CLOUDSURFER-2 | C13: PRODUCT | D13: On Cloudsurfer 2 | E13: WEIGHT_G | F13: 252.9 | G13: See 05_v0.2_Benchmark row 3 | H13: INDEPENDENT_LAB | I13: RTINGS_ER_PROXY | J13: https://www.rtings.com/running-shoes/reviews/on/cloudsurfer-2 | K13: 2026-08-28 | L13: MEDIUM | M13: PERF_NORM_v0.2 | N13: KR_MVP | O13: v0.2 research update. Source URL retained; commercial reuse/licensing must be reviewed before production.
A14: EV-V02-1011 | B14: GM-ON-CLOUDSURFER-2 | C14: PRODUCT | D14: On Cloudsurfer 2 | E14: DROP_MM | F14: 8.6 | G14: See 05_v0.2_Benchmark row 3 | H14: INDEPENDENT_LAB | I14: RTINGS_ER_PROXY | J14: https://www.rtings.com/running-shoes/reviews/on/cloudsurfer-2 | K14: 2026-08-28 | L14: MEDIUM | M14: PERF_NORM_v0.2 | N14: KR_MVP | O14: v0.2 research update. Source URL retained; commercial reuse/licensing must be reviewed before production.
A15: EV-V02-1012 | B15: GM-ON-CLOUDSURFER-2 | C15: PRODUCT | D15: On Cloudsurfer 2 | E15: PLATE_TYPE | F15: NONE | G15: See 05_v0.2_Benchmark row 3 | H15: INDEPENDENT_LAB | I15: RTINGS_ER_PROXY | J15: https://www.rtings.com/running-shoes/reviews/on/cloudsurfer-2 | K15: 2026-08-28 | L15: MEDIUM | M15: PERF_NORM_v0.2 | N15: KR_MVP | O15: v0.2 research update. Source URL retained; commercial reuse/licensing must be reviewed before production.
A16: EV-V02-1013 | B16: GM-ON-CLOUDSURFER-2 | C16: PRODUCT | D16: On Cloudsurfer 2 | E16: WIDE_OPTION | F16: FALSE | G16: See 05_v0.2_Benchmark row 3 | H16: INDEPENDENT_LAB | I16: RTINGS_ER_PROXY | J16: https://www.rtings.com/running-shoes/reviews/on/cloudsurfer-2 | K16: 2026-08-28 | L16: MEDIUM | M16: PERF_NORM_v0.2 | N16: KR_MVP | O16: v0.2 research update. Source URL retained; commercial reuse/licensing must be reviewed before production.
A17: EV-V02-1014 | B17: GM-SC-RIDE-19 | C17: PRODUCT | D17: Saucony Ride 19 | E17: CUSHION | F17: 7.7 | G17: See 05_v0.2_Benchmark row 4 | H17: INDEPENDENT_LAB | I17: RTINGS_DIRECT | J17: https://www.rtings.com/running-shoes/reviews/saucony/ride-19 | K17: 2026-08-28 | L17: HIGH | M17: PERF_NORM_v0.2 | N17: KR_MVP | O17: v0.2 research update. Source URL retained; commercial reuse/licensing must be reviewed before production.
A18: EV-V02-1015 | B18: GM-SC-RIDE-19 | C18: PRODUCT | D18: Saucony Ride 19 | E18: STABILITY | F18: 8 | G18: See 05_v0.2_Benchmark row 4 | H18: INDEPENDENT_LAB | I18: RTINGS_DIRECT | J18: https://www.rtings.com/running-shoes/reviews/saucony/ride-19 | K18: 2026-08-28 | L18: HIGH | M18: PERF_NORM_v0.2 | N18: KR_MVP | O18: v0.2 research update. Source URL retained; commercial reuse/licensing must be reviewed before production.
A19: EV-V02-1016 | B19: GM-SC-RIDE-19 | C19: PRODUCT | D19: Saucony Ride 19 | E19: RESPONSIVENESS | F19: 7.2 | G19: See 05_v0.2_Benchmark row 4 | H19: INDEPENDENT_LAB | I19: RTINGS_DIRECT | J19: https://www.rtings.com/running-shoes/reviews/saucony/ride-19 | K19: 2026-08-28 | L19: HIGH | M19: PERF_NORM_v0.2 | N19: KR_MVP | O19: v0.2 research update. Source URL retained; commercial reuse/licensing must be reviewed before production.
A20: EV-V02-1017 | B20: GM-SC-RIDE-19 | C20: PRODUCT | D20: Saucony Ride 19 | E20: WEIGHT_G | F20: 257.6 | G20: See 05_v0.2_Benchmark row 4 | H20: INDEPENDENT_LAB | I20: RTINGS_DIRECT | J20: https://www.rtings.com/running-shoes/reviews/saucony/ride-19 | K20: 2026-08-28 | L20: HIGH | M20: PERF_NORM_v0.2 | N20: KR_MVP | O20: v0.2 research update. Source URL retained; commercial reuse/licensing must be reviewed before production.
A21: EV-V02-1018 | B21: GM-SC-RIDE-19 | C21: PRODUCT | D21: Saucony Ride 19 | E21: DROP_MM | F21: 9.8 | G21: See 05_v0.2_Benchmark row 4 | H21: INDEPENDENT_LAB | I21: RTINGS_DIRECT | J21: https://www.rtings.com/running-shoes/reviews/saucony/ride-19 | K21: 2026-08-28 | L21: HIGH | M21: PERF_NORM_v0.2 | N21: KR_MVP | O21: v0.2 research update. Source URL retained; commercial reuse/licensing must be reviewed before production.
A22: EV-V02-1019 | B22: GM-SC-RIDE-19 | C22: PRODUCT | D22: Saucony Ride 19 | E22: PLATE_TYPE | F22: NONE | G22: See 05_v0.2_Benchmark row 4 | H22: INDEPENDENT_LAB | I22: RTINGS_DIRECT | J22: https://www.rtings.com/running-shoes/reviews/saucony/ride-19 | K22: 2026-08-28 | L22: HIGH | M22: PERF_NORM_v0.2 | N22: KR_MVP | O22: v0.2 research update. Source URL retained; commercial reuse/licensing must be reviewed before production.
A23: EV-V02-1020 | B23: GM-SC-RIDE-19 | C23: PRODUCT | D23: Saucony Ride 19 | E23: WIDE_OPTION | F23: TRUE | G23: See 05_v0.2_Benchmark row 4 | H23: INDEPENDENT_LAB | I23: RTINGS_DIRECT | J23: https://www.rtings.com/running-shoes/reviews/saucony/ride-19 | K23: 2026-08-28 | L23: HIGH | M23: PERF_NORM_v0.2 | N23: KR_MVP | O23: v0.2 research update. Source URL retained; commercial reuse/licensing must be reviewed before production.
A24: EV-V02-1021 | B24: GM-AD-DURAMO-SL-2 | C24: PRODUCT | D24: adidas Duramo SL 2 | E24: CUSHION | G24: See 05_v0.2_Benchmark row 5 | H24: OFFICIAL_BRAND | I24: OFFICIAL_FACT_ONLY | J24: https://www.adidas.co.kr/%EB%93%80%EB%9D%BC%EB%AA%A8-sl-2/IH8218.html | K24: 2026-08-28 | L24: LOW | M24: PERF_NORM_v0.2 | N24: KR_MVP | O24: v0.2 research update. Source URL retained; commercial reuse/licensing must be reviewed before production.
A25: EV-V02-1022 | B25: GM-AD-DURAMO-SL-2 | C25: PRODUCT | D25: adidas Duramo SL 2 | E25: STABILITY | G25: See 05_v0.2_Benchmark row 5 | H25: OFFICIAL_BRAND | I25: OFFICIAL_FACT_ONLY | J25: https://www.adidas.co.kr/%EB%93%80%EB%9D%BC%EB%AA%A8-sl-2/IH8218.html | K25: 2026-08-28 | L25: LOW | M25: PERF_NORM_v0.2 | N25: KR_MVP | O25: v0.2 research update. Source URL retained; commercial reuse/licensing must be reviewed before production.
A26: EV-V02-1023 | B26: GM-AD-DURAMO-SL-2 | C26: PRODUCT | D26: adidas Duramo SL 2 | E26: RESPONSIVENESS | G26: See 05_v0.2_Benchmark row 5 | H26: OFFICIAL_BRAND | I26: OFFICIAL_FACT_ONLY | J26: https://www.adidas.co.kr/%EB%93%80%EB%9D%BC%EB%AA%A8-sl-2/IH8218.html | K26: 2026-08-28 | L26: LOW | M26: PERF_NORM_v0.2 | N26: KR_MVP | O26: v0.2 research update. Source URL retained; commercial reuse/licensing must be reviewed before production.
A27: EV-V02-1024 | B27: GM-AD-DURAMO-SL-2 | C27: PRODUCT | D27: adidas Duramo SL 2 | E27: WEIGHT_G | F27: 291 | G27: See 05_v0.2_Benchmark row 5 | H27: OFFICIAL_BRAND | I27: OFFICIAL_FACT_ONLY | J27: https://www.adidas.co.kr/%EB%93%80%EB%9D%BC%EB%AA%A8-sl-2/IH8218.html | K27: 2026-08-28 | L27: LOW | M27: PERF_NORM_v0.2 | N27: KR_MVP | O27: v0.2 research update. Source URL retained; commercial reuse/licensing must be reviewed before production.
A28: EV-V02-1025 | B28: GM-AD-DURAMO-SL-2 | C28: PRODUCT | D28: adidas Duramo SL 2 | E28: DROP_MM | F28: 9 | G28: See 05_v0.2_Benchmark row 5 | H28: OFFICIAL_BRAND | I28: OFFICIAL_FACT_ONLY | J28: https://www.adidas.co.kr/%EB%93%80%EB%9D%BC%EB%AA%A8-sl-2/IH8218.html | K28: 2026-08-28 | L28: LOW | M28: PERF_NORM_v0.2 | N28: KR_MVP | O28: v0.2 research update. Source URL retained; commercial reuse/licensing must be reviewed before production.
A29: EV-V02-1026 | B29: GM-AD-DURAMO-SL-2 | C29: PRODUCT | D29: adidas Duramo SL 2 | E29: PLATE_TYPE | F29: NONE | G29: See 05_v0.2_Benchmark row 5 | H29: OFFICIAL_BRAND | I29: OFFICIAL_FACT_ONLY | J29: https://www.adidas.co.kr/%EB%93%80%EB%9D%BC%EB%AA%A8-sl-2/IH8218.html | K29: 2026-08-28 | L29: LOW | M29: PERF_NORM_v0.2 | N29: KR_MVP | O29: v0.2 research update. Source URL retained; commercial reuse/licensing must be reviewed before production.
A30: EV-V02-1027 | B30: GM-AD-DURAMO-SL-2 | C30: PRODUCT | D30: adidas Duramo SL 2 | E30: WIDE_OPTION | F30: TRUE | G30: See 05_v0.2_Benchmark row 5 | H30: OFFICIAL_BRAND | I30: OFFICIAL_FACT_ONLY | J30: https://www.adidas.co.kr/%EB%93%80%EB%9D%BC%EB%AA%A8-sl-2/IH8218.html | K30: 2026-08-28 | L30: LOW | M30: PERF_NORM_v0.2 | N30: KR_MVP | O30: v0.2 research update. Source URL retained; commercial reuse/licensing must be reviewed before production.
A31: EV-V02-1028 | B31: GM-AD-SUPERNOVA-RISE-3 | C31: PRODUCT | D31: adidas Supernova Rise 3 | E31: CUSHION | F31: 6.8 | G31: See 05_v0.2_Benchmark row 6 | H31: INDEPENDENT_LAB | I31: RTINGS_DIRECT | J31: https://www.rtings.com/running-shoes/reviews/adidas/supernova-rise-3 | K31: 2026-08-28 | L31: HIGH | M31: PERF_NORM_v0.2 | N31: KR_MVP | O31: v0.2 research update. Source URL retained; commercial reuse/licensing must be reviewed before production.
A32: EV-V02-1029 | B32: GM-AD-SUPERNOVA-RISE-3 | C32: PRODUCT | D32: adidas Supernova Rise 3 | E32: STABILITY | F32: 8.6 | G32: See 05_v0.2_Benchmark row 6 | H32: INDEPENDENT_LAB | I32: RTINGS_DIRECT | J32: https://www.rtings.com/running-shoes/reviews/adidas/supernova-rise-3 | K32: 2026-08-28 | L32: HIGH | M32: PERF_NORM_v0.2 | N32: KR_MVP | O32: v0.2 research update. Source URL retained; commercial reuse/licensing must be reviewed before production.
A33: EV-V02-1030 | B33: GM-AD-SUPERNOVA-RISE-3 | C33: PRODUCT | D33: adidas Supernova Rise 3 | E33: RESPONSIVENESS | F33: 6.3 | G33: See 05_v0.2_Benchmark row 6 | H33: INDEPENDENT_LAB | I33: RTINGS_DIRECT | J33: https://www.rtings.com/running-shoes/reviews/adidas/supernova-rise-3 | K33: 2026-08-28 | L33: HIGH | M33: PERF_NORM_v0.2 | N33: KR_MVP | O33: v0.2 research update. Source URL retained; commercial reuse/licensing must be reviewed before production.
A34: EV-V02-1031 | B34: GM-AD-SUPERNOVA-RISE-3 | C34: PRODUCT | D34: adidas Supernova Rise 3 | E34: WEIGHT_G | F34: 265.9 | G34: See 05_v0.2_Benchmark row 6 | H34: INDEPENDENT_LAB | I34: RTINGS_DIRECT | J34: https://www.rtings.com/running-shoes/reviews/adidas/supernova-rise-3 | K34: 2026-08-28 | L34: HIGH | M34: PERF_NORM_v0.2 | N34: KR_MVP | O34: v0.2 research update. Source URL retained; commercial reuse/licensing must be reviewed before production.
A35: EV-V02-1032 | B35: GM-AD-SUPERNOVA-RISE-3 | C35: PRODUCT | D35: adidas Supernova Rise 3 | E35: DROP_MM | F35: 9.6 | G35: See 05_v0.2_Benchmark row 6 | H35: INDEPENDENT_LAB | I35: RTINGS_DIRECT | J35: https://www.rtings.com/running-shoes/reviews/adidas/supernova-rise-3 | K35: 2026-08-28 | L35: HIGH | M35: PERF_NORM_v0.2 | N35: KR_MVP | O35: v0.2 research update. Source URL retained; commercial reuse/licensing must be reviewed before production.
A36: EV-V02-1033 | B36: GM-AD-SUPERNOVA-RISE-3 | C36: PRODUCT | D36: adidas Supernova Rise 3 | E36: PLATE_TYPE | F36: NONE | G36: See 05_v0.2_Benchmark row 6 | H36: INDEPENDENT_LAB | I36: RTINGS_DIRECT | J36: https://www.rtings.com/running-shoes/reviews/adidas/supernova-rise-3 | K36: 2026-08-28 | L36: HIGH | M36: PERF_NORM_v0.2 | N36: KR_MVP | O36: v0.2 research update. Source URL retained; commercial reuse/licensing must be reviewed before production.
A37: EV-V02-1034 | B37: GM-AD-SUPERNOVA-RISE-3 | C37: PRODUCT | D37: adidas Supernova Rise 3 | E37: WIDE_OPTION | F37: TRUE | G37: See 05_v0.2_Benchmark row 6 | H37: INDEPENDENT_LAB | I37: RTINGS_DIRECT | J37: https://www.rtings.com/running-shoes/reviews/adidas/supernova-rise-3 | K37: 2026-08-28 | L37: HIGH | M37: PERF_NORM_v0.2 | N37: KR_MVP | O37: v0.2 research update. Source URL retained; commercial reuse/licensing must be reviewed before production.
A38: EV-V02-1035 | B38: GM-AS-GEL-NIMBUS-28 | C38: PRODUCT | D38: ASICS GEL-NIMBUS 28 | E38: CUSHION | F38: 8.6 | G38: See 05_v0.2_Benchmark row 7 | H38: INDEPENDENT_LAB | I38: RTINGS_DIRECT | J38: https://www.rtings.com/running-shoes/reviews/asics/gel-nimbus-28 | K38: 2026-08-28 | L38: HIGH | M38: PERF_NORM_v0.2 | N38: KR_MVP | O38: v0.2 research update. Source URL retained; commercial reuse/licensing must be reviewed before production.
A39: EV-V02-1036 | B39: GM-AS-GEL-NIMBUS-28 | C39: PRODUCT | D39: ASICS GEL-NIMBUS 28 | E39: STABILITY | F39: 8.3 | G39: See 05_v0.2_Benchmark row 7 | H39: INDEPENDENT_LAB | I39: RTINGS_DIRECT | J39: https://www.rtings.com/running-shoes/reviews/asics/gel-nimbus-28 | K39: 2026-08-28 | L39: HIGH | M39: PERF_NORM_v0.2 | N39: KR_MVP | O39: v0.2 research update. Source URL retained; commercial reuse/licensing must be reviewed before production.
A40: EV-V02-1037 | B40: GM-AS-GEL-NIMBUS-28 | C40: PRODUCT | D40: ASICS GEL-NIMBUS 28 | E40: RESPONSIVENESS | F40: 5.3 | G40: See 05_v0.2_Benchmark row 7 | H40: INDEPENDENT_LAB | I40: RTINGS_DIRECT | J40: https://www.rtings.com/running-shoes/reviews/asics/gel-nimbus-28 | K40: 2026-08-28 | L40: HIGH | M40: PERF_NORM_v0.2 | N40: KR_MVP | O40: v0.2 research update. Source URL retained; commercial reuse/licensing must be reviewed before production.
A41: EV-V02-1038 | B41: GM-AS-GEL-NIMBUS-28 | C41: PRODUCT | D41: ASICS GEL-NIMBUS 28 | E41: WEIGHT_G | F41: 272.9 | G41: See 05_v0.2_Benchmark row 7 | H41: INDEPENDENT_LAB | I41: RTINGS_DIRECT | J41: https://www.rtings.com/running-shoes/reviews/asics/gel-nimbus-28 | K41: 2026-08-28 | L41: HIGH | M41: PERF_NORM_v0.2 | N41: KR_MVP | O41: v0.2 research update. Source URL retained; commercial reuse/licensing must be reviewed before production.
A42: EV-V02-1039 | B42: GM-AS-GEL-NIMBUS-28 | C42: PRODUCT | D42: ASICS GEL-NIMBUS 28 | E42: DROP_MM | F42: 6.4 | G42: See 05_v0.2_Benchmark row 7 | H42: INDEPENDENT_LAB | I42: RTINGS_DIRECT | J42: https://www.rtings.com/running-shoes/reviews/asics/gel-nimbus-28 | K42: 2026-08-28 | L42: HIGH | M42: PERF_NORM_v0.2 | N42: KR_MVP | O42: v0.2 research update. Source URL retained; commercial reuse/licensing must be reviewed before production.
A43: EV-V02-1040 | B43: GM-AS-GEL-NIMBUS-28 | C43: PRODUCT | D43: ASICS GEL-NIMBUS 28 | E43: PLATE_TYPE | F43: NONE | G43: See 05_v0.2_Benchmark row 7 | H43: INDEPENDENT_LAB | I43: RTINGS_DIRECT | J43: https://www.rtings.com/running-shoes/reviews/asics/gel-nimbus-28 | K43: 2026-08-28 | L43: HIGH | M43: PERF_NORM_v0.2 | N43: KR_MVP | O43: v0.2 research update. Source URL retained; commercial reuse/licensing must be reviewed before production.
A44: EV-V02-1041 | B44: GM-AS-GEL-NIMBUS-28 | C44: PRODUCT | D44: ASICS GEL-NIMBUS 28 | E44: WIDE_OPTION | F44: TRUE | G44: See 05_v0.2_Benchmark row 7 | H44: INDEPENDENT_LAB | I44: RTINGS_DIRECT | J44: https://www.rtings.com/running-shoes/reviews/asics/gel-nimbus-28 | K44: 2026-08-28 | L44: HIGH | M44: PERF_NORM_v0.2 | N44: KR_MVP | O44: v0.2 research update. Source URL retained; commercial reuse/licensing must be reviewed before production.
A45: EV-V02-1042 | B45: GM-MZ-WAVE-RIDER-29 | C45: PRODUCT | D45: Mizuno Wave Rider 29 | E45: CUSHION | F45: 6.4 | G45: See 05_v0.2_Benchmark row 8 | H45: INDEPENDENT_LAB | I45: RTINGS_ER_PROXY | J45: https://www.rtings.com/running-shoes/reviews/mizuno/wave-rider-29 | K45: 2026-08-28 | L45: MEDIUM | M45: PERF_NORM_v0.2 | N45: KR_MVP | O45: v0.2 research update. Source URL retained; commercial reuse/licensing must be reviewed before production.
A46: EV-V02-1043 | B46: GM-MZ-WAVE-RIDER-29 | C46: PRODUCT | D46: Mizuno Wave Rider 29 | E46: STABILITY | F46: 8 | G46: See 05_v0.2_Benchmark row 8 | H46: INDEPENDENT_LAB | I46: RTINGS_ER_PROXY | J46: https://www.rtings.com/running-shoes/reviews/mizuno/wave-rider-29 | K46: 2026-08-28 | L46: MEDIUM | M46: PERF_NORM_v0.2 | N46: KR_MVP | O46: v0.2 research update. Source URL retained; commercial reuse/licensing must be reviewed before production.
A47: EV-V02-1044 | B47: GM-MZ-WAVE-RIDER-29 | C47: PRODUCT | D47: Mizuno Wave Rider 29 | E47: RESPONSIVENESS | F47: 3.6 | G47: See 05_v0.2_Benchmark row 8 | H47: INDEPENDENT_LAB | I47: RTINGS_ER_PROXY | J47: https://www.rtings.com/running-shoes/reviews/mizuno/wave-rider-29 | K47: 2026-08-28 | L47: MEDIUM | M47: PERF_NORM_v0.2 | N47: KR_MVP | O47: v0.2 research update. Source URL retained; commercial reuse/licensing must be reviewed before production.
A48: EV-V02-1045 | B48: GM-MZ-WAVE-RIDER-29 | C48: PRODUCT | D48: Mizuno Wave Rider 29 | E48: WEIGHT_G | F48: 262.1 | G48: See 05_v0.2_Benchmark row 8 | H48: INDEPENDENT_LAB | I48: RTINGS_ER_PROXY | J48: https://www.rtings.com/running-shoes/reviews/mizuno/wave-rider-29 | K48: 2026-08-28 | L48: MEDIUM | M48: PERF_NORM_v0.2 | N48: KR_MVP | O48: v0.2 research update. Source URL retained; commercial reuse/licensing must be reviewed before production.
A49: EV-V02-1046 | B49: GM-MZ-WAVE-RIDER-29 | C49: PRODUCT | D49: Mizuno Wave Rider 29 | E49: DROP_MM | F49: 8.4 | G49: See 05_v0.2_Benchmark row 8 | H49: INDEPENDENT_LAB | I49: RTINGS_ER_PROXY | J49: https://www.rtings.com/running-shoes/reviews/mizuno/wave-rider-29 | K49: 2026-08-28 | L49: MEDIUM | M49: PERF_NORM_v0.2 | N49: KR_MVP | O49: v0.2 research update. Source URL retained; commercial reuse/licensing must be reviewed before production.
A50: EV-V02-1047 | B50: GM-MZ-WAVE-RIDER-29 | C50: PRODUCT | D50: Mizuno Wave Rider 29 | E50: PLATE_TYPE | F50: OTHER | G50: See 05_v0.2_Benchmark row 8 | H50: INDEPENDENT_LAB | I50: RTINGS_ER_PROXY | J50: https://www.rtings.com/running-shoes/reviews/mizuno/wave-rider-29 | K50: 2026-08-28 | L50: MEDIUM | M50: PERF_NORM_v0.2 | N50: KR_MVP | O50: v0.2 research update. Source URL retained; commercial reuse/licensing must be reviewed before production.
A51: EV-V02-1048 | B51: GM-MZ-WAVE-RIDER-29 | C51: PRODUCT | D51: Mizuno Wave Rider 29 | E51: WIDE_OPTION | F51: TRUE | G51: See 05_v0.2_Benchmark row 8 | H51: INDEPENDENT_LAB | I51: RTINGS_ER_PROXY | J51: https://www.rtings.com/running-shoes/reviews/mizuno/wave-rider-29 | K51: 2026-08-28 | L51: MEDIUM | M51: PERF_NORM_v0.2 | N51: KR_MVP | O51: v0.2 research update. Source URL retained; commercial reuse/licensing must be reviewed before production.
A52: EV-V02-1049 | B52: GM-NB-FRESH-FOAM-X-1080-V15 | C52: PRODUCT | D52: New Balance Fresh Foam X 1080 v15 | E52: CUSHION | F52: 8 | G52: See 05_v0.2_Benchmark row 9 | H52: INDEPENDENT_LAB | I52: RTINGS_DIRECT | J52: https://www.rtings.com/running-shoes/reviews/new-balance/fresh-foam-x-1080v15-green | K52: 2026-08-28 | L52: HIGH | M52: PERF_NORM_v0.2 | N52: KR_MVP | O52: v0.2 research update. Source URL retained; commercial reuse/licensing must be reviewed before production.
A53: EV-V02-1050 | B53: GM-NB-FRESH-FOAM-X-1080-V15 | C53: PRODUCT | D53: New Balance Fresh Foam X 1080 v15 | E53: STABILITY | F53: 7.6 | G53: See 05_v0.2_Benchmark row 9 | H53: INDEPENDENT_LAB | I53: RTINGS_DIRECT | J53: https://www.rtings.com/running-shoes/reviews/new-balance/fresh-foam-x-1080v15-green | K53: 2026-08-28 | L53: HIGH | M53: PERF_NORM_v0.2 | N53: KR_MVP | O53: v0.2 research update. Source URL retained; commercial reuse/licensing must be reviewed before production.
A54: EV-V02-1051 | B54: GM-NB-FRESH-FOAM-X-1080-V15 | C54: PRODUCT | D54: New Balance Fresh Foam X 1080 v15 | E54: RESPONSIVENESS | F54: 6.5 | G54: See 05_v0.2_Benchmark row 9 | H54: INDEPENDENT_LAB | I54: RTINGS_DIRECT | J54: https://www.rtings.com/running-shoes/reviews/new-balance/fresh-foam-x-1080v15-green | K54: 2026-08-28 | L54: HIGH | M54: PERF_NORM_v0.2 | N54: KR_MVP | O54: v0.2 research update. Source URL retained; commercial reuse/licensing must be reviewed before production.
A55: EV-V02-1052 | B55: GM-NB-FRESH-FOAM-X-1080-V15 | C55: PRODUCT | D55: New Balance Fresh Foam X 1080 v15 | E55: WEIGHT_G | F55: 250.3 | G55: See 05_v0.2_Benchmark row 9 | H55: INDEPENDENT_LAB | I55: RTINGS_DIRECT | J55: https://www.rtings.com/running-shoes/reviews/new-balance/fresh-foam-x-1080v15-green | K55: 2026-08-28 | L55: HIGH | M55: PERF_NORM_v0.2 | N55: KR_MVP | O55: v0.2 research update. Source URL retained; commercial reuse/licensing must be reviewed before production.
A56: EV-V02-1053 | B56: GM-NB-FRESH-FOAM-X-1080-V15 | C56: PRODUCT | D56: New Balance Fresh Foam X 1080 v15 | E56: DROP_MM | F56: 7.8 | G56: See 05_v0.2_Benchmark row 9 | H56: INDEPENDENT_LAB | I56: RTINGS_DIRECT | J56: https://www.rtings.com/running-shoes/reviews/new-balance/fresh-foam-x-1080v15-green | K56: 2026-08-28 | L56: HIGH | M56: PERF_NORM_v0.2 | N56: KR_MVP | O56: v0.2 research update. Source URL retained; commercial reuse/licensing must be reviewed before production.
A57: EV-V02-1054 | B57: GM-NB-FRESH-FOAM-X-1080-V15 | C57: PRODUCT | D57: New Balance Fresh Foam X 1080 v15 | E57: PLATE_TYPE | F57: NONE | G57: See 05_v0.2_Benchmark row 9 | H57: INDEPENDENT_LAB | I57: RTINGS_DIRECT | J57: https://www.rtings.com/running-shoes/reviews/new-balance/fresh-foam-x-1080v15-green | K57: 2026-08-28 | L57: HIGH | M57: PERF_NORM_v0.2 | N57: KR_MVP | O57: v0.2 research update. Source URL retained; commercial reuse/licensing must be reviewed before production.
A58: EV-V02-1055 | B58: GM-NB-FRESH-FOAM-X-1080-V15 | C58: PRODUCT | D58: New Balance Fresh Foam X 1080 v15 | E58: WIDE_OPTION | F58: TRUE | G58: See 05_v0.2_Benchmark row 9 | H58: INDEPENDENT_LAB | I58: RTINGS_DIRECT | J58: https://www.rtings.com/running-shoes/reviews/new-balance/fresh-foam-x-1080v15-green | K58: 2026-08-28 | L58: HIGH | M58: PERF_NORM_v0.2 | N58: KR_MVP | O58: v0.2 research update. Source URL retained; commercial reuse/licensing must be reviewed before production.
A59: EV-V02-1056 | B59: GM-NB-FRESH-FOAM-X-880-V15 | C59: PRODUCT | D59: New Balance Fresh Foam X 880 v15 | E59: CUSHION | F59: 7.1 | G59: See 05_v0.2_Benchmark row 10 | H59: INDEPENDENT_LAB | I59: RTINGS_DIRECT | J59: https://www.rtings.com/running-shoes/reviews/new-balance/fresh-foam-x-880v15-white | K59: 2026-08-28 | L59: HIGH | M59: PERF_NORM_v0.2 | N59: KR_MVP | O59: v0.2 research update. Source URL retained; commercial reuse/licensing must be reviewed before production.
A60: EV-V02-1057 | B60: GM-NB-FRESH-FOAM-X-880-V15 | C60: PRODUCT | D60: New Balance Fresh Foam X 880 v15 | E60: STABILITY | F60: 8.4 | G60: See 05_v0.2_Benchmark row 10 | H60: INDEPENDENT_LAB | I60: RTINGS_DIRECT | J60: https://www.rtings.com/running-shoes/reviews/new-balance/fresh-foam-x-880v15-white | K60: 2026-08-28 | L60: HIGH | M60: PERF_NORM_v0.2 | N60: KR_MVP | O60: v0.2 research update. Source URL retained; commercial reuse/licensing must be reviewed before production.
A61: EV-V02-1058 | B61: GM-NB-FRESH-FOAM-X-880-V15 | C61: PRODUCT | D61: New Balance Fresh Foam X 880 v15 | E61: RESPONSIVENESS | F61: 6.7 | G61: See 05_v0.2_Benchmark row 10 | H61: INDEPENDENT_LAB | I61: RTINGS_DIRECT | J61: https://www.rtings.com/running-shoes/reviews/new-balance/fresh-foam-x-880v15-white | K61: 2026-08-28 | L61: HIGH | M61: PERF_NORM_v0.2 | N61: KR_MVP | O61: v0.2 research update. Source URL retained; commercial reuse/licensing must be reviewed before production.
A62: EV-V02-1059 | B62: GM-NB-FRESH-FOAM-X-880-V15 | C62: PRODUCT | D62: New Balance Fresh Foam X 880 v15 | E62: WEIGHT_G | F62: 286.6 | G62: See 05_v0.2_Benchmark row 10 | H62: INDEPENDENT_LAB | I62: RTINGS_DIRECT | J62: https://www.rtings.com/running-shoes/reviews/new-balance/fresh-foam-x-880v15-white | K62: 2026-08-28 | L62: HIGH | M62: PERF_NORM_v0.2 | N62: KR_MVP | O62: v0.2 research update. Source URL retained; commercial reuse/licensing must be reviewed before production.
A63: EV-V02-1060 | B63: GM-NB-FRESH-FOAM-X-880-V15 | C63: PRODUCT | D63: New Balance Fresh Foam X 880 v15 | E63: DROP_MM | F63: 7.3 | G63: See 05_v0.2_Benchmark row 10 | H63: INDEPENDENT_LAB | I63: RTINGS_DIRECT | J63: https://www.rtings.com/running-shoes/reviews/new-balance/fresh-foam-x-880v15-white | K63: 2026-08-28 | L63: HIGH | M63: PERF_NORM_v0.2 | N63: KR_MVP | O63: v0.2 research update. Source URL retained; commercial reuse/licensing must be reviewed before production.
A64: EV-V02-1061 | B64: GM-NB-FRESH-FOAM-X-880-V15 | C64: PRODUCT | D64: New Balance Fresh Foam X 880 v15 | E64: PLATE_TYPE | F64: NONE | G64: See 05_v0.2_Benchmark row 10 | H64: INDEPENDENT_LAB | I64: RTINGS_DIRECT | J64: https://www.rtings.com/running-shoes/reviews/new-balance/fresh-foam-x-880v15-white | K64: 2026-08-28 | L64: HIGH | M64: PERF_NORM_v0.2 | N64: KR_MVP | O64: v0.2 research update. Source URL retained; commercial reuse/licensing must be reviewed before production.
A65: EV-V02-1062 | B65: GM-NB-FRESH-FOAM-X-880-V15 | C65: PRODUCT | D65: New Balance Fresh Foam X 880 v15 | E65: WIDE_OPTION | F65: TRUE | G65: See 05_v0.2_Benchmark row 10 | H65: INDEPENDENT_LAB | I65: RTINGS_DIRECT | J65: https://www.rtings.com/running-shoes/reviews/new-balance/fresh-foam-x-880v15-white | K65: 2026-08-28 | L65: HIGH | M65: PERF_NORM_v0.2 | N65: KR_MVP | O65: v0.2 research update. Source URL retained; commercial reuse/licensing must be reviewed before production.
A66: EV-V02-1063 | B66: GM-NK-VOMERO-18 | C66: PRODUCT | D66: Nike Vomero 18 | E66: CUSHION | F66: 7.7 | G66: See 05_v0.2_Benchmark row 11 | H66: INDEPENDENT_LAB | I66: RTINGS_DIRECT | J66: https://www.rtings.com/running-shoes/reviews/nike/vomero-18 | K66: 2026-08-28 | L66: HIGH | M66: PERF_NORM_v0.2 | N66: KR_MVP | O66: v0.2 research update. Source URL retained; commercial reuse/licensing must be reviewed before production.
A67: EV-V02-1064 | B67: GM-NK-VOMERO-18 | C67: PRODUCT | D67: Nike Vomero 18 | E67: STABILITY | F67: 8.1 | G67: See 05_v0.2_Benchmark row 11 | H67: INDEPENDENT_LAB | I67: RTINGS_DIRECT | J67: https://www.rtings.com/running-shoes/reviews/nike/vomero-18 | K67: 2026-08-28 | L67: HIGH | M67: PERF_NORM_v0.2 | N67: KR_MVP | O67: v0.2 research update. Source URL retained; commercial reuse/licensing must be reviewed before production.
A68: EV-V02-1065 | B68: GM-NK-VOMERO-18 | C68: PRODUCT | D68: Nike Vomero 18 | E68: RESPONSIVENESS | F68: 5.7 | G68: See 05_v0.2_Benchmark row 11 | H68: INDEPENDENT_LAB | I68: RTINGS_DIRECT | J68: https://www.rtings.com/running-shoes/reviews/nike/vomero-18 | K68: 2026-08-28 | L68: HIGH | M68: PERF_NORM_v0.2 | N68: KR_MVP | O68: v0.2 research update. Source URL retained; commercial reuse/licensing must be reviewed before production.
A69: EV-V02-1066 | B69: GM-NK-VOMERO-18 | C69: PRODUCT | D69: Nike Vomero 18 | E69: WEIGHT_G | F69: 297.5 | G69: See 05_v0.2_Benchmark row 11 | H69: INDEPENDENT_LAB | I69: RTINGS_DIRECT | J69: https://www.rtings.com/running-shoes/reviews/nike/vomero-18 | K69: 2026-08-28 | L69: HIGH | M69: PERF_NORM_v0.2 | N69: KR_MVP | O69: v0.2 research update. Source URL retained; commercial reuse/licensing must be reviewed before production.
A70: EV-V02-1067 | B70: GM-NK-VOMERO-18 | C70: PRODUCT | D70: Nike Vomero 18 | E70: DROP_MM | F70: 10.3 | G70: See 05_v0.2_Benchmark row 11 | H70: INDEPENDENT_LAB | I70: RTINGS_DIRECT | J70: https://www.rtings.com/running-shoes/reviews/nike/vomero-18 | K70: 2026-08-28 | L70: HIGH | M70: PERF_NORM_v0.2 | N70: KR_MVP | O70: v0.2 research update. Source URL retained; commercial reuse/licensing must be reviewed before production.
A71: EV-V02-1068 | B71: GM-NK-VOMERO-18 | C71: PRODUCT | D71: Nike Vomero 18 | E71: PLATE_TYPE | F71: NONE | G71: See 05_v0.2_Benchmark row 11 | H71: INDEPENDENT_LAB | I71: RTINGS_DIRECT | J71: https://www.rtings.com/running-shoes/reviews/nike/vomero-18 | K71: 2026-08-28 | L71: HIGH | M71: PERF_NORM_v0.2 | N71: KR_MVP | O71: v0.2 research update. Source URL retained; commercial reuse/licensing must be reviewed before production.
A72: EV-V02-1069 | B72: GM-NK-VOMERO-18 | C72: PRODUCT | D72: Nike Vomero 18 | E72: WIDE_OPTION | F72: TRUE | G72: See 05_v0.2_Benchmark row 11 | H72: INDEPENDENT_LAB | I72: RTINGS_DIRECT | J72: https://www.rtings.com/running-shoes/reviews/nike/vomero-18 | K72: 2026-08-28 | L72: HIGH | M72: PERF_NORM_v0.2 | N72: KR_MVP | O72: v0.2 research update. Source URL retained; commercial reuse/licensing must be reviewed before production.
A73: EV-V02-1070 | B73: GM-PM-VELOCITY-NITRO-4 | C73: PRODUCT | D73: PUMA Velocity NITRO 4 | E73: CUSHION | F73: 6.7 | G73: See 05_v0.2_Benchmark row 12 | H73: INDEPENDENT_LAB | I73: RTINGS_ER_PROXY | J73: https://www.rtings.com/running-shoes/reviews/puma/velocity-nitro-4 | K73: 2026-08-28 | L73: MEDIUM | M73: PERF_NORM_v0.2 | N73: KR_MVP | O73: v0.2 research update. Source URL retained; commercial reuse/licensing must be reviewed before production.
A74: EV-V02-1071 | B74: GM-PM-VELOCITY-NITRO-4 | C74: PRODUCT | D74: PUMA Velocity NITRO 4 | E74: STABILITY | F74: 7.6 | G74: See 05_v0.2_Benchmark row 12 | H74: INDEPENDENT_LAB | I74: RTINGS_ER_PROXY | J74: https://www.rtings.com/running-shoes/reviews/puma/velocity-nitro-4 | K74: 2026-08-28 | L74: MEDIUM | M74: PERF_NORM_v0.2 | N74: KR_MVP | O74: v0.2 research update. Source URL retained; commercial reuse/licensing must be reviewed before production.
A75: EV-V02-1072 | B75: GM-PM-VELOCITY-NITRO-4 | C75: PRODUCT | D75: PUMA Velocity NITRO 4 | E75: RESPONSIVENESS | F75: 7.6 | G75: See 05_v0.2_Benchmark row 12 | H75: INDEPENDENT_LAB | I75: RTINGS_ER_PROXY | J75: https://www.rtings.com/running-shoes/reviews/puma/velocity-nitro-4 | K75: 2026-08-28 | L75: MEDIUM | M75: PERF_NORM_v0.2 | N75: KR_MVP | O75: v0.2 research update. Source URL retained; commercial reuse/licensing must be reviewed before production.
A76: EV-V02-1073 | B76: GM-PM-VELOCITY-NITRO-4 | C76: PRODUCT | D76: PUMA Velocity NITRO 4 | E76: WEIGHT_G | F76: 232.3 | G76: See 05_v0.2_Benchmark row 12 | H76: INDEPENDENT_LAB | I76: RTINGS_ER_PROXY | J76: https://www.rtings.com/running-shoes/reviews/puma/velocity-nitro-4 | K76: 2026-08-28 | L76: MEDIUM | M76: PERF_NORM_v0.2 | N76: KR_MVP | O76: v0.2 research update. Source URL retained; commercial reuse/licensing must be reviewed before production.
A77: EV-V02-1074 | B77: GM-PM-VELOCITY-NITRO-4 | C77: PRODUCT | D77: PUMA Velocity NITRO 4 | E77: DROP_MM | F77: 10.1 | G77: See 05_v0.2_Benchmark row 12 | H77: INDEPENDENT_LAB | I77: RTINGS_ER_PROXY | J77: https://www.rtings.com/running-shoes/reviews/puma/velocity-nitro-4 | K77: 2026-08-28 | L77: MEDIUM | M77: PERF_NORM_v0.2 | N77: KR_MVP | O77: v0.2 research update. Source URL retained; commercial reuse/licensing must be reviewed before production.
A78: EV-V02-1075 | B78: GM-PM-VELOCITY-NITRO-4 | C78: PRODUCT | D78: PUMA Velocity NITRO 4 | E78: PLATE_TYPE | F78: NONE | G78: See 05_v0.2_Benchmark row 12 | H78: INDEPENDENT_LAB | I78: RTINGS_ER_PROXY | J78: https://www.rtings.com/running-shoes/reviews/puma/velocity-nitro-4 | K78: 2026-08-28 | L78: MEDIUM | M78: PERF_NORM_v0.2 | N78: KR_MVP | O78: v0.2 research update. Source URL retained; commercial reuse/licensing must be reviewed before production.
A79: EV-V02-1076 | B79: GM-PM-VELOCITY-NITRO-4 | C79: PRODUCT | D79: PUMA Velocity NITRO 4 | E79: WIDE_OPTION | F79: FALSE | G79: See 05_v0.2_Benchmark row 12 | H79: INDEPENDENT_LAB | I79: RTINGS_ER_PROXY | J79: https://www.rtings.com/running-shoes/reviews/puma/velocity-nitro-4 | K79: 2026-08-28 | L79: MEDIUM | M79: PERF_NORM_v0.2 | N79: KR_MVP | O79: v0.2 research update. Source URL retained; commercial reuse/licensing must be reviewed before production.
A80: EV-V02-1077 | B80: GM-SC-TRIUMPH-23 | C80: PRODUCT | D80: Saucony Triumph 23 | E80: CUSHION | F80: 7.8 | G80: See 05_v0.2_Benchmark row 13 | H80: INDEPENDENT_LAB | I80: RTINGS_COMPOSITE | J80: https://www.rtings.com/running-shoes/reviews/saucony/triumph-23 | K80: 2026-08-28 | L80: MEDIUM | M80: PERF_NORM_v0.2 | N80: KR_MVP | O80: v0.2 research update. Source URL retained; commercial reuse/licensing must be reviewed before production.
A81: EV-V02-1078 | B81: GM-SC-TRIUMPH-23 | C81: PRODUCT | D81: Saucony Triumph 23 | E81: STABILITY | F81: 8 | G81: See 05_v0.2_Benchmark row 13 | H81: INDEPENDENT_LAB | I81: RTINGS_COMPOSITE | J81: https://www.rtings.com/running-shoes/reviews/saucony/triumph-23 | K81: 2026-08-28 | L81: MEDIUM | M81: PERF_NORM_v0.2 | N81: KR_MVP | O81: v0.2 research update. Source URL retained; commercial reuse/licensing must be reviewed before production.
A82: EV-V02-1079 | B82: GM-SC-TRIUMPH-23 | C82: PRODUCT | D82: Saucony Triumph 23 | E82: RESPONSIVENESS | F82: B=6.9,S=7.2,R=7.2 | G82: See 05_v0.2_Benchmark row 13 | H82: INDEPENDENT_LAB | I82: RTINGS_COMPOSITE | J82: https://www.rtings.com/running-shoes/reviews/saucony/triumph-23 | K82: 2026-08-28 | L82: MEDIUM | M82: PERF_NORM_v0.2 | N82: KR_MVP | O82: v0.2 research update. Source URL retained; commercial reuse/licensing must be reviewed before production.
A83: EV-V02-1080 | B83: GM-SC-TRIUMPH-23 | C83: PRODUCT | D83: Saucony Triumph 23 | E83: WEIGHT_G | F83: 264.8 | G83: See 05_v0.2_Benchmark row 13 | H83: INDEPENDENT_LAB | I83: RTINGS_COMPOSITE | J83: https://www.rtings.com/running-shoes/reviews/saucony/triumph-23 | K83: 2026-08-28 | L83: MEDIUM | M83: PERF_NORM_v0.2 | N83: KR_MVP | O83: v0.2 research update. Source URL retained; commercial reuse/licensing must be reviewed before production.
A84: EV-V02-1081 | B84: GM-SC-TRIUMPH-23 | C84: PRODUCT | D84: Saucony Triumph 23 | E84: DROP_MM | F84: 9.6 | G84: See 05_v0.2_Benchmark row 13 | H84: INDEPENDENT_LAB | I84: RTINGS_COMPOSITE | J84: https://www.rtings.com/running-shoes/reviews/saucony/triumph-23 | K84: 2026-08-28 | L84: MEDIUM | M84: PERF_NORM_v0.2 | N84: KR_MVP | O84: v0.2 research update. Source URL retained; commercial reuse/licensing must be reviewed before production.
A85: EV-V02-1082 | B85: GM-SC-TRIUMPH-23 | C85: PRODUCT | D85: Saucony Triumph 23 | E85: PLATE_TYPE | F85: NONE | G85: See 05_v0.2_Benchmark row 13 | H85: INDEPENDENT_LAB | I85: RTINGS_COMPOSITE | J85: https://www.rtings.com/running-shoes/reviews/saucony/triumph-23 | K85: 2026-08-28 | L85: MEDIUM | M85: PERF_NORM_v0.2 | N85: KR_MVP | O85: v0.2 research update. Source URL retained; commercial reuse/licensing must be reviewed before production.
A86: EV-V02-1083 | B86: GM-SC-TRIUMPH-23 | C86: PRODUCT | D86: Saucony Triumph 23 | E86: WIDE_OPTION | F86: TRUE | G86: See 05_v0.2_Benchmark row 13 | H86: INDEPENDENT_LAB | I86: RTINGS_COMPOSITE | J86: https://www.rtings.com/running-shoes/reviews/saucony/triumph-23 | K86: 2026-08-28 | L86: MEDIUM | M86: PERF_NORM_v0.2 | N86: KR_MVP | O86: v0.2 research update. Source URL retained; commercial reuse/licensing must be reviewed before production.
A87: EV-V02-1084 | B87: GM-AS-GEL-KAYANO-33 | C87: PRODUCT | D87: ASICS GEL-KAYANO 33 | E87: CUSHION | F87: 7.7 | G87: See 05_v0.2_Benchmark row 14 | H87: INDEPENDENT_LAB | I87: RTINGS_DIRECT | J87: https://www.rtings.com/running-shoes/reviews/asics/gel-kayano-33 | K87: 2026-08-28 | L87: HIGH | M87: PERF_NORM_v0.2 | N87: KR_MVP | O87: v0.2 research update. Source URL retained; commercial reuse/licensing must be reviewed before production.
A88: EV-V02-1085 | B88: GM-AS-GEL-KAYANO-33 | C88: PRODUCT | D88: ASICS GEL-KAYANO 33 | E88: STABILITY | F88: 8.4 | G88: See 05_v0.2_Benchmark row 14 | H88: INDEPENDENT_LAB | I88: RTINGS_DIRECT | J88: https://www.rtings.com/running-shoes/reviews/asics/gel-kayano-33 | K88: 2026-08-28 | L88: HIGH | M88: PERF_NORM_v0.2 | N88: KR_MVP | O88: v0.2 research update. Source URL retained; commercial reuse/licensing must be reviewed before production.
A89: EV-V02-1086 | B89: GM-AS-GEL-KAYANO-33 | C89: PRODUCT | D89: ASICS GEL-KAYANO 33 | E89: RESPONSIVENESS | F89: 5.7 | G89: See 05_v0.2_Benchmark row 14 | H89: INDEPENDENT_LAB | I89: RTINGS_DIRECT | J89: https://www.rtings.com/running-shoes/reviews/asics/gel-kayano-33 | K89: 2026-08-28 | L89: HIGH | M89: PERF_NORM_v0.2 | N89: KR_MVP | O89: v0.2 research update. Source URL retained; commercial reuse/licensing must be reviewed before production.
A90: EV-V02-1087 | B90: GM-AS-GEL-KAYANO-33 | C90: PRODUCT | D90: ASICS GEL-KAYANO 33 | E90: WEIGHT_G | F90: 295.9 | G90: See 05_v0.2_Benchmark row 14 | H90: INDEPENDENT_LAB | I90: RTINGS_DIRECT | J90: https://www.rtings.com/running-shoes/reviews/asics/gel-kayano-33 | K90: 2026-08-28 | L90: HIGH | M90: PERF_NORM_v0.2 | N90: KR_MVP | O90: v0.2 research update. Source URL retained; commercial reuse/licensing must be reviewed before production.
A91: EV-V02-1088 | B91: GM-AS-GEL-KAYANO-33 | C91: PRODUCT | D91: ASICS GEL-KAYANO 33 | E91: DROP_MM | F91: 11.1 | G91: See 05_v0.2_Benchmark row 14 | H91: INDEPENDENT_LAB | I91: RTINGS_DIRECT | J91: https://www.rtings.com/running-shoes/reviews/asics/gel-kayano-33 | K91: 2026-08-28 | L91: HIGH | M91: PERF_NORM_v0.2 | N91: KR_MVP | O91: v0.2 research update. Source URL retained; commercial reuse/licensing must be reviewed before production.
A92: EV-V02-1089 | B92: GM-AS-GEL-KAYANO-33 | C92: PRODUCT | D92: ASICS GEL-KAYANO 33 | E92: PLATE_TYPE | F92: NONE | G92: See 05_v0.2_Benchmark row 14 | H92: INDEPENDENT_LAB | I92: RTINGS_DIRECT | J92: https://www.rtings.com/running-shoes/reviews/asics/gel-kayano-33 | K92: 2026-08-28 | L92: HIGH | M92: PERF_NORM_v0.2 | N92: KR_MVP | O92: v0.2 research update. Source URL retained; commercial reuse/licensing must be reviewed before production.
A93: EV-V02-1090 | B93: GM-AS-GEL-KAYANO-33 | C93: PRODUCT | D93: ASICS GEL-KAYANO 33 | E93: WIDE_OPTION | F93: TRUE | G93: See 05_v0.2_Benchmark row 14 | H93: INDEPENDENT_LAB | I93: RTINGS_DIRECT | J93: https://www.rtings.com/running-shoes/reviews/asics/gel-kayano-33 | K93: 2026-08-28 | L93: HIGH | M93: PERF_NORM_v0.2 | N93: KR_MVP | O93: v0.2 research update. Source URL retained; commercial reuse/licensing must be reviewed before production.
A94: EV-V02-1091 | B94: GM-MZ-WAVE-INSPIRE-22 | C94: PRODUCT | D94: Mizuno Wave Inspire 22 | E94: CUSHION | F94: MEDIUM | G94: See 05_v0.2_Benchmark row 15 | H94: INDEPENDENT_LAB | I94: RUNREPEAT_RELATIVE | J94: https://runrepeat.com/mizuno-wave-inspire-22 | K94: 2026-08-28 | L94: MEDIUM | M94: PERF_NORM_v0.2 | N94: KR_MVP | O94: v0.2 research update. Source URL retained; commercial reuse/licensing must be reviewed before production.
A95: EV-V02-1092 | B95: GM-MZ-WAVE-INSPIRE-22 | C95: PRODUCT | D95: Mizuno Wave Inspire 22 | E95: STABILITY | F95: HIGH | G95: See 05_v0.2_Benchmark row 15 | H95: INDEPENDENT_LAB | I95: RUNREPEAT_RELATIVE | J95: https://runrepeat.com/mizuno-wave-inspire-22 | K95: 2026-08-28 | L95: MEDIUM | M95: PERF_NORM_v0.2 | N95: KR_MVP | O95: v0.2 research update. Source URL retained; commercial reuse/licensing must be reviewed before production.
A96: EV-V02-1093 | B96: GM-MZ-WAVE-INSPIRE-22 | C96: PRODUCT | D96: Mizuno Wave Inspire 22 | E96: RESPONSIVENESS | F96: LOW | G96: See 05_v0.2_Benchmark row 15 | H96: INDEPENDENT_LAB | I96: RUNREPEAT_RELATIVE | J96: https://runrepeat.com/mizuno-wave-inspire-22 | K96: 2026-08-28 | L96: MEDIUM | M96: PERF_NORM_v0.2 | N96: KR_MVP | O96: v0.2 research update. Source URL retained; commercial reuse/licensing must be reviewed before production.
A97: EV-V02-1094 | B97: GM-MZ-WAVE-INSPIRE-22 | C97: PRODUCT | D97: Mizuno Wave Inspire 22 | E97: WEIGHT_G | F97: 280 | G97: See 05_v0.2_Benchmark row 15 | H97: INDEPENDENT_LAB | I97: RUNREPEAT_RELATIVE | J97: https://runrepeat.com/mizuno-wave-inspire-22 | K97: 2026-08-28 | L97: MEDIUM | M97: PERF_NORM_v0.2 | N97: KR_MVP | O97: v0.2 research update. Source URL retained; commercial reuse/licensing must be reviewed before production.
A98: EV-V02-1095 | B98: GM-MZ-WAVE-INSPIRE-22 | C98: PRODUCT | D98: Mizuno Wave Inspire 22 | E98: DROP_MM | F98: 7.6 | G98: See 05_v0.2_Benchmark row 15 | H98: INDEPENDENT_LAB | I98: RUNREPEAT_RELATIVE | J98: https://runrepeat.com/mizuno-wave-inspire-22 | K98: 2026-08-28 | L98: MEDIUM | M98: PERF_NORM_v0.2 | N98: KR_MVP | O98: v0.2 research update. Source URL retained; commercial reuse/licensing must be reviewed before production.
A99: EV-V02-1096 | B99: GM-MZ-WAVE-INSPIRE-22 | C99: PRODUCT | D99: Mizuno Wave Inspire 22 | E99: PLATE_TYPE | F99: OTHER | G99: See 05_v0.2_Benchmark row 15 | H99: INDEPENDENT_LAB | I99: RUNREPEAT_RELATIVE | J99: https://runrepeat.com/mizuno-wave-inspire-22 | K99: 2026-08-28 | L99: MEDIUM | M99: PERF_NORM_v0.2 | N99: KR_MVP | O99: v0.2 research update. Source URL retained; commercial reuse/licensing must be reviewed before production.
A100: EV-V02-1097 | B100: GM-MZ-WAVE-INSPIRE-22 | C100: PRODUCT | D100: Mizuno Wave Inspire 22 | E100: WIDE_OPTION | F100: TRUE | G100: See 05_v0.2_Benchmark row 15 | H100: INDEPENDENT_LAB | I100: RUNREPEAT_RELATIVE | J100: https://runrepeat.com/mizuno-wave-inspire-22 | K100: 2026-08-28 | L100: MEDIUM | M100: PERF_NORM_v0.2 | N100: KR_MVP | O100: v0.2 research update. Source URL retained; commercial reuse/licensing must be reviewed before production.
...

Sheet 04_Target30_Gaps
A1: list_no | B1: product_id | C1: display_name | D1: brand | E1: primary_use | F1: msrp | G1: currency | H1: review_count | I1: missing_required_count | J1: missing_fields | K1: next_source_priority | L1: target_status | M1: notes
A2: 1 | B2: GM-AS-NOVABLAST-5 | C2: ASICS NOVABLAST 5 | D2: ASICS | E2: DAILY | F2: 169000 | G2: KRW | H2: 8 | I2: =IFERROR(VLOOKUP(B2,'02_Recommendation_Attrs'!$A$2:$W$100,21,FALSE),"") -> 0 | J2: =IFERROR(VLOOKUP(B2,'02_Recommendation_Attrs'!$A$2:$W$100,22,FALSE),"") | K2: A_RTINGS / RTINGS_DIRECT | L2: READY_FOR_MVP | M2: P0 필수 Attribute 및 source-backed 성능점수 완료.
A3: 2 | B3: GM-ON-CLOUDSURFER-2 | C3: On Cloudsurfer 2 | D3: On | E3: DAILY | F3: 199000 | G3: KRW | H3: 5 | I3: =IFERROR(VLOOKUP(B3,'02_Recommendation_Attrs'!$A$2:$W$100,21,FALSE),"") -> 0 | J3: =IFERROR(VLOOKUP(B3,'02_Recommendation_Attrs'!$A$2:$W$100,22,FALSE),"") | K3: A_RTINGS / RTINGS_ER_PROXY | L3: READY_FOR_MVP | M3: P0 필수 Attribute 및 source-backed 성능점수 완료.
A4: 3 | B4: GM-SC-RIDE-19 | C4: Saucony Ride 19 | D4: Saucony | E4: DAILY | F4: 179000 | G4: KRW | H4: 4 | I4: =IFERROR(VLOOKUP(B4,'02_Recommendation_Attrs'!$A$2:$W$100,21,FALSE),"") -> 0 | J4: =IFERROR(VLOOKUP(B4,'02_Recommendation_Attrs'!$A$2:$W$100,22,FALSE),"") | K4: A_RTINGS / RTINGS_DIRECT | L4: READY_FOR_MVP | M4: P0 필수 Attribute 및 source-backed 성능점수 완료.
A5: 4 | B5: GM-AD-DURAMO-SL-2 | C5: adidas Duramo SL 2 | D5: adidas | E5: DAILY | F5: 79000 | G5: KRW | H5: 3 | I5: =IFERROR(VLOOKUP(B5,'02_Recommendation_Attrs'!$A$2:$W$100,21,FALSE),"") -> 3 | J5: =IFERROR(VLOOKUP(B5,'02_Recommendation_Attrs'!$A$2:$W$100,22,FALSE),"") | K5: C_OFFICIAL_ONLY / OFFICIAL_FACT_ONLY | L5: RESEARCH_REQUIRED | M5: 공식 Fact는 확보. Cushion/Stability/Responsiveness 독립 비교 근거 추가 필요.
A6: 5 | B6: GM-AD-SUPERNOVA-RISE-3 | C6: adidas Supernova Rise 3 | D6: adidas | E6: DAILY | F6: 159000 | G6: KRW | H6: 5 | I6: =IFERROR(VLOOKUP(B6,'02_Recommendation_Attrs'!$A$2:$W$100,21,FALSE),"") -> 0 | J6: =IFERROR(VLOOKUP(B6,'02_Recommendation_Attrs'!$A$2:$W$100,22,FALSE),"") | K6: A_RTINGS / RTINGS_DIRECT | L6: READY_FOR_MVP | M6: P0 필수 Attribute 및 source-backed 성능점수 완료.
A7: 6 | B7: GM-AS-GEL-NIMBUS-28 | C7: ASICS GEL-NIMBUS 28 | D7: ASICS | E7: LONG | F7: 199000 | G7: KRW | H7: 4 | I7: =IFERROR(VLOOKUP(B7,'02_Recommendation_Attrs'!$A$2:$W$100,21,FALSE),"") -> 0 | J7: =IFERROR(VLOOKUP(B7,'02_Recommendation_Attrs'!$A$2:$W$100,22,FALSE),"") | K7: A_RTINGS / RTINGS_DIRECT | L7: READY_FOR_MVP | M7: P0 필수 Attribute 및 source-backed 성능점수 완료.
A8: 7 | B8: GM-MZ-WAVE-RIDER-29 | C8: Mizuno Wave Rider 29 | D8: Mizuno | E8: DAILY | F8: 169000 | G8: KRW | H8: 5 | I8: =IFERROR(VLOOKUP(B8,'02_Recommendation_Attrs'!$A$2:$W$100,21,FALSE),"") -> 0 | J8: =IFERROR(VLOOKUP(B8,'02_Recommendation_Attrs'!$A$2:$W$100,22,FALSE),"") | K8: A_RTINGS / RTINGS_ER_PROXY | L8: READY_FOR_MVP | M8: P0 필수 Attribute 및 source-backed 성능점수 완료.
A9: 8 | B9: GM-NB-FRESH-FOAM-X-1080-V15 | C9: New Balance Fresh Foam X 1080 v15 | D9: New Balance | E9: LONG | F9: 209000 | G9: KRW | H9: 5 | I9: =IFERROR(VLOOKUP(B9,'02_Recommendation_Attrs'!$A$2:$W$100,21,FALSE),"") -> 0 | J9: =IFERROR(VLOOKUP(B9,'02_Recommendation_Attrs'!$A$2:$W$100,22,FALSE),"") | K9: A_RTINGS / RTINGS_DIRECT | L9: READY_FOR_MVP | M9: P0 필수 Attribute 및 source-backed 성능점수 완료.
A10: 9 | B10: GM-NB-FRESH-FOAM-X-880-V15 | C10: New Balance Fresh Foam X 880 v15 | D10: New Balance | E10: DAILY | F10: 189000 | G10: KRW | H10: 4 | I10: =IFERROR(VLOOKUP(B10,'02_Recommendation_Attrs'!$A$2:$W$100,21,FALSE),"") -> 0 | J10: =IFERROR(VLOOKUP(B10,'02_Recommendation_Attrs'!$A$2:$W$100,22,FALSE),"") | K10: A_RTINGS / RTINGS_DIRECT | L10: READY_FOR_MVP | M10: P0 필수 Attribute 및 source-backed 성능점수 완료.
A11: 10 | B11: GM-NK-VOMERO-18 | C11: Nike Vomero 18 | D11: Nike | E11: LONG | F11: 189000 | G11: KRW | H11: 5 | I11: =IFERROR(VLOOKUP(B11,'02_Recommendation_Attrs'!$A$2:$W$100,21,FALSE),"") -> 0 | J11: =IFERROR(VLOOKUP(B11,'02_Recommendation_Attrs'!$A$2:$W$100,22,FALSE),"") | K11: A_RTINGS / RTINGS_DIRECT | L11: READY_FOR_MVP | M11: P0 필수 Attribute 및 source-backed 성능점수 완료.
A12: 11 | B12: GM-PM-VELOCITY-NITRO-4 | C12: PUMA Velocity NITRO 4 | D12: PUMA | E12: DAILY | F12: 179000 | G12: KRW | H12: 9 | I12: =IFERROR(VLOOKUP(B12,'02_Recommendation_Attrs'!$A$2:$W$100,21,FALSE),"") -> 0 | J12: =IFERROR(VLOOKUP(B12,'02_Recommendation_Attrs'!$A$2:$W$100,22,FALSE),"") | K12: A_RTINGS / RTINGS_ER_PROXY | L12: READY_FOR_MVP | M12: P0 필수 Attribute 및 source-backed 성능점수 완료.
A13: 12 | B13: GM-SC-TRIUMPH-23 | C13: Saucony Triumph 23 | D13: Saucony | E13: LONG | F13: 199000 | G13: KRW | H13: 5 | I13: =IFERROR(VLOOKUP(B13,'02_Recommendation_Attrs'!$A$2:$W$100,21,FALSE),"") -> 0 | J13: =IFERROR(VLOOKUP(B13,'02_Recommendation_Attrs'!$A$2:$W$100,22,FALSE),"") | K13: A_RTINGS / RTINGS_COMPOSITE | L13: READY_FOR_MVP | M13: P0 필수 Attribute 및 source-backed 성능점수 완료.
... A31: 30 | B31: GM-AD-ADIZERO-ADIOS-PRO-4 | C31: adidas Adizero Adios Pro 4 | D31: adidas | E31: RACE | F31: 299000 | G31: KRW | H31: 0 | I31: =IFERROR(VLOOKUP(B31,'02_Recommendation_Attrs'!$A$2:$W$100,21,FALSE),"") -> 0 | J31: =IFERROR(VLOOKUP(B31,'02_Recommendation_Attrs'!$A$2:$W$100,22,FALSE),"") | K31: A_RTINGS / RTINGS_DIRECT | L31: READY_FOR_MVP | M31: P0 필수 Attribute 및 source-backed 성능점수 완료.

Sheet 99_Codebook
A1: 구분 | B1: 값/Field | C1: 정의/운영 기준
A2: Core Rule | B2: Product unit | C2: 1 Row = 1 Product Model + Version
A3: Core Rule | B3: Market | C3: MVP 추천 대상은 KR. USD/US source는 Product Master에 보존하되 KR 추천 대상 제외
A4: Core Rule | B4: Missing | C4: 근거가 없으면 UNKNOWN/Blank. AI 임의 추정 금지
A5: Core Rule | B5: Recommendation Eligible | C5: P0 필수 Attribute missing 0 + data_status=VERIFIED
A6: Primary Use | B6: DAILY | C6: 기본/데일리 러닝
A7: Primary Use | B7: LONG | C7: 쿠션·장거리 중심
A8: Primary Use | B8: RECOVERY | C8: 회복주 중심
A9: Primary Use | B9: STABILITY | C9: 지지/안정화
A10: Primary Use | B10: TEMPO | C10: 빠른 훈련/템포
A11: Primary Use | B11: RACE | C11: 레이스/기록용
A12: 5-point | B12: 1 | C12: VERY_LOW
... A39: v0.2 Confidence | B39: LOW | C39: 공식 Fact만 있고 비교 성능점수 없음

Sheet 05_v0.2_Benchmark
A1: product_id | B1: display_name | C1: source_tier | D1: performance_method | E1: cushion_raw_10 | F1: stability_raw_10 | G1: responsiveness_direct_10 | H1: bounciness_10 | I1: snappiness_10 | J1: roll_10 | K1: energy_return_proxy_10 | L1: fallback_cushion_band | M1: fallback_stability_band | N1: fallback_responsiveness_band | O1: cushion_score_1_5 | P1: stability_score_1_5 | Q1: responsiveness_score_1_5 | R1: weight_g_lab | S1: drop_mm_lab | T1: plate_type | U1: fit_width | V1: wide_option | W1: runner_level_fit | X1: distance_fit | Y1: confidence | Z1: source_url | AA1: notes | AB1: score_rule_version | AC1: ready_for_recommendation
A2: GM-AS-NOVABLAST-5 | B2: ASICS NOVABLAST 5 | C2: A_RTINGS | D2: RTINGS_DIRECT | E2: 8.1 | F2: 7.5 | G2: 6.6 | O2: =IF(E2<>"",IF(E2<=2,1,IF(E2<=4,2,IF(E2<=6,3,IF(E2<=8,4,5)))),IF(L2="VERY_LOW",1,IF(L2="LOW",2,IF(L2="MEDIUM",3,IF(L2="HIGH",4,IF(L2="VERY_HIGH",5,"")))))) -> 5 | P2: =IF(F2<>"",IF(F2<=2,1,IF(F2<=4,2,IF(F2<=6,3,IF(F2<=8,4,5)))),IF(M2="VERY_LOW",1,IF(M2="LOW",2,IF(M2="MEDIUM",3,IF(M2="HIGH",4,IF(M2="VERY_HIGH",5,"")))))) -> 4 | Q2: =IF(G2<>"",IF(G2<=2,1,IF(G2<=4,2,IF(G2<=6,3,IF(G2<=8,4,5)))),IF(AND(H2<>"",I2<>"",J2<>""),IF(AVERAGE(H2:J2)<=2,1,IF(AVERAGE(H2:J2)<=4,2,IF(AVERAGE(H2:J2)<=6,3,IF(AVERAGE(H2:J2)<=8,4,5)))),IF(K2<>"",IF(K2<=2,1,IF(K2<=4,2,IF(K2<=6,3,IF(K2<=8,4,5)))),IF(N2="VERY_LOW",1,IF(N2="LOW",2,IF(N2="MEDIUM",3,IF(N2="HIGH",4,IF(N2="VERY_HIGH",5,"")))))))) -> 4 | R2: 248.2 | S2: 8.2 | T2: NONE | U2: STANDARD | V2: TRUE | W2: ALL | X2: ALL | Y2: HIGH | Z2: https://www.rtings.com/running-shoes/reviews/asics/novablast-5 | AA2: RTINGS 동일 벤치. 기존 리뷰의 FIT_NARROW 주의 태그는 Caution으로 별도 유지. | AB2: PERF_NORM_v0.2 | AC2: =AND(O2<>"",P2<>"",Q2<>"",R2<>"",S2<>"",T2<>"",U2<>"",V2<>"",W2<>"",X2<>"") -> TRUE
A3: GM-ON-CLOUDSURFER-2 | B3: On Cloudsurfer 2 | C3: A_RTINGS | D3: RTINGS_ER_PROXY | E3: 6.6 | F3: 7.6 | K3: 1.4 | O3: =IF(E3<>"",IF(E3<=2,1,IF(E3<=4,2,IF(E3<=6,3,IF(E3<=8,4,5)))),IF(L3="VERY_LOW",1,IF(L3="LOW",2,IF(L3="MEDIUM",3,IF(L3="HIGH",4,IF(L3="VERY_HIGH",5,"")))))) -> 4 | P3: =IF(F3<>"",IF(F3<=2,1,IF(F3<=4,2,IF(F3<=6,3,IF(F3<=8,4,5)))),IF(M3="VERY_LOW",1,IF(M3="LOW",2,IF(M3="MEDIUM",3,IF(M3="HIGH",4,IF(M3="VERY_HIGH",5,"")))))) -> 4 | Q3: =IF(G3<>"",IF(G3<=2,1,IF(G3<=4,2,IF(G3<=6,3,IF(G3<=8,4,5)))),IF(AND(H3<>"",I3<>"",J3<>""),IF(AVERAGE(H3:J3)<=2,1,IF(AVERAGE(H3:J3)<=4,2,IF(AVERAGE(H3:J3)<=6,3,IF(AVERAGE(H3:J3)<=8,4,5)))),IF(K3<>"",IF(K3<=2,1,IF(K3<=4,2,IF(K3<=6,3,IF(K3<=8,4,5)))),IF(N3="VERY_LOW",1,IF(N3="LOW",2,IF(N3="MEDIUM",3,IF(N3="HIGH",4,IF(N3="VERY_HIGH",5,"")))))))) -> 1 | R3: 252.9 | S3: 8.6 | T3: NONE | U3: STANDARD | V3: FALSE | W3: ALL | X3: ALL | Y3: MEDIUM | Z3: https://www.rtings.com/running-shoes/reviews/on/cloudsurfer-2 | AA3: 구 버전 벤치에 Responsiveness 종합점수가 없어 Energy Return을 proxy로 사용. | AB3: PERF_NORM_v0.2 | AC3: =AND(O3<>"",P3<>"",Q3<>"",R3<>"",S3<>"",T3<>"",U3<>"",V3<>"",W3<>"",X3<>"") -> TRUE
A4: GM-SC-RIDE-19 | B4: Saucony Ride 19 | C4: A_RTINGS | D4: RTINGS_DIRECT | E4: 7.7 | F4: 8 | G4: 7.2 | O4: =IF(E4<>"",IF(E4<=2,1,IF(E4<=4,2,IF(E4<=6,3,IF(E4<=8,4,5)))),IF(L4="VERY_LOW",1,IF(L4="LOW",2,IF(L4="MEDIUM",3,IF(L4="HIGH",4,IF(L4="VERY_HIGH",5,"")))))) -> 4 | P4: =IF(F4<>"",IF(F4<=2,1,IF(F4<=4,2,IF(F4<=6,3,IF(F4<=8,4,5)))),IF(M4="VERY_LOW",1,IF(M4="LOW",2,IF(M4="MEDIUM",3,IF(M4="HIGH",4,IF(M4="VERY_HIGH",5,"")))))) -> 4 | Q4: =IF(G4<>"",IF(G4<=2,1,IF(G4<=4,2,IF(G4<=6,3,IF(G4<=8,4,5)))),IF(AND(H4<>"",I4<>"",J4<>""),IF(AVERAGE(H4:J4)<=2,1,IF(AVERAGE(H4:J4)<=4,2,IF(AVERAGE(H4:J4)<=6,3,IF(AVERAGE(H4:J4)<=8,4,5)))),IF(K4<>"",IF(K4<=2,1,IF(K4<=4,2,IF(K4<=6,3,IF(K4<=8,4,5)))),IF(N4="VERY_LOW",1,IF(N4="LOW",2,IF(N4="MEDIUM",3,IF(N4="HIGH",4,IF(N4="VERY_HIGH",5,"")))))))) -> 4 | R4: 257.6 | S4: 9.8 | T4: NONE | U4: NARROW | V4: TRUE | W4: ALL | X4: ALL | Y4: HIGH | Z4: https://www.rtings.com/running-shoes/reviews/saucony/ride-19 | AA4: Fit은 기존 국내/해외 리뷰 Evidence의 반복된 narrow 신호를 유지. | AB4: PERF_NORM_v0.2 | AC4: =AND(O4<>"",P4<>"",Q4<>"",R4<>"",S4<>"",T4<>"",U4<>"",V4<>"",W4<>"",X4<>"") -> TRUE
A5: GM-AD-DURAMO-SL-2 | B5: adidas Duramo SL 2 | C5: C_OFFICIAL_ONLY | D5: OFFICIAL_FACT_ONLY | O5: =IF(E5<>"",IF(E5<=2,1,IF(E5<=4,2,IF(E5<=6,3,IF(E5<=8,4,5)))),IF(L5="VERY_LOW",1,IF(L5="LOW",2,IF(L5="MEDIUM",3,IF(L5="HIGH",4,IF(L5="VERY_HIGH",5,"")))))) | P5: =IF(F5<>"",IF(F5<=2,1,IF(F5<=4,2,IF(F5<=6,3,IF(F5<=8,4,5)))),IF(M5="VERY_LOW",1,IF(M5="LOW",2,IF(M5="MEDIUM",3,IF(M5="HIGH",4,IF(M5="VERY_HIGH",5,"")))))) | Q5: =IF(G5<>"",IF(G5<=2,1,IF(G5<=4,2,IF(G5<=6,3,IF(G5<=8,4,5)))),IF(AND(H5<>"",I5<>"",J5<>""),IF(AVERAGE(H5:J5)<=2,1,IF(AVERAGE(H5:J5)<=4,2,IF(AVERAGE(H5:J5)<=6,3,IF(AVERAGE(H5:J5)<=8,4,5)))),IF(K5<>"",IF(K5<=2,1,IF(K5<=4,2,IF(K5<=6,3,IF(K5<=8,4,5)))),IF(N5="VERY_LOW",1,IF(N5="LOW",2,IF(N5="MEDIUM",3,IF(N5="HIGH",4,IF(N5="VERY_HIGH",5,"")))))))) | R5: 291 | S5: 9 | T5: NONE | U5: STANDARD | V5: TRUE | W5: BEGINNER | X5: ALL | Y5: LOW | Z5: https://www.adidas.co.kr/%EB%93%80%EB%9D%BC%EB%AA%A8-sl-2/IH8218.html | AA5: 한국 공식: 291g(265mm), 9mm, 레귤러 핏. 공식 KR 목록에 와이드 모델 존재. 독립 성능 점수 미확보로 추천 제외. | AB5: PERF_NORM_v0.2 | AC5: =AND(O5<>"",P5<>"",Q5<>"",R5<>"",S5<>"",T5<>"",U5<>"",V5<>"",W5<>"",X5<>"") -> FALSE
A6: GM-AD-SUPERNOVA-RISE-3 | B6: adidas Supernova Rise 3 | C6: A_RTINGS | D6: RTINGS_DIRECT | E6: 6.8 | F6: 8.6 | G6: 6.3 | O6: =IF(E6<>"",IF(E6<=2,1,IF(E6<=4,2,IF(E6<=6,3,IF(E6<=8,4,5)))),IF(L6="VERY_LOW",1,IF(L6="LOW",2,IF(L6="MEDIUM",3,IF(L6="HIGH",4,IF(L6="VERY_HIGH",5,"")))))) -> 4 | P6: =IF(F6<>"",IF(F6<=2,1,IF(F6<=4,2,IF(F6<=6,3,IF(F6<=8,4,5)))),IF(M6="VERY_LOW",1,IF(M6="LOW",2,IF(M6="MEDIUM",3,IF(M6="HIGH",4,IF(M6="VERY_HIGH",5,"")))))) -> 5 | Q6: =IF(G6<>"",IF(G6<=2,1,IF(G6<=4,2,IF(G6<=6,3,IF(G6<=8,4,5)))),IF(AND(H6<>"",I6<>"",J6<>""),IF(AVERAGE(H6:J6)<=2,1,IF(AVERAGE(H6:J6)<=4,2,IF(AVERAGE(H6:J6)<=6,3,IF(AVERAGE(H6:J6)<=8,4,5)))),IF(K6<>"",IF(K6<=2,1,IF(K6<=4,2,IF(K6<=6,3,IF(K6<=8,4,5)))),IF(N6="VERY_LOW",1,IF(N6="LOW",2,IF(N6="MEDIUM",3,IF(N6="HIGH",4,IF(N6="VERY_HIGH",5,"")))))))) -> 4 | R6: 265.9 | S6: 9.6 | T6: NONE | U6: NARROW | V6: TRUE | W6: ALL | X6: ALL | Y6: HIGH | Z6: https://www.rtings.com/running-shoes/reviews/adidas/supernova-rise-3 | AA6: 동일 벤치 점수 사용. | AB6: PERF_NORM_v0.2 | AC6: =AND(O6<>"",P6<>"",Q6<>"",R6<>"",S6<>"",T6<>"",U6<>"",V6<>"",W6<>"",X6<>"") -> TRUE
A7: GM-AS-GEL-NIMBUS-28 | B7: ASICS GEL-NIMBUS 28 | C7: A_RTINGS | D7: RTINGS_DIRECT | E7: 8.6 | F7: 8.3 | G7: 5.3 | O7: =IF(E7<>"",IF(E7<=2,1,IF(E7<=4,2,IF(E7<=6,3,IF(E7<=8,4,5)))),IF(L7="VERY_LOW",1,IF(L7="LOW",2,IF(L7="MEDIUM",3,IF(L7="HIGH",4,IF(L7="VERY_HIGH",5,"")))))) -> 5 | P7: =IF(F7<>"",IF(F7<=2,1,IF(F7<=4,2,IF(F7<=6,3,IF(F7<=8,4,5)))),IF(M7="VERY_LOW",1,IF(M7="LOW",2,IF(M7="MEDIUM",3,IF(M7="HIGH",4,IF(M7="VERY_HIGH",5,"")))))) -> 5 | Q7: =IF(G7<>"",IF(G7<=2,1,IF(G7<=4,2,IF(G7<=6,3,IF(G7<=8,4,5)))),IF(AND(H7<>"",I7<>"",J7<>""),IF(AVERAGE(H7:J7)<=2,1,IF(AVERAGE(H7:J7)<=4,2,IF(AVERAGE(H7:J7)<=6,3,IF(AVERAGE(H7:J7)<=8,4,5)))),IF(K7<>"",IF(K7<=2,1,IF(K7<=4,2,IF(K7<=6,3,IF(K7<=8,4,5)))),IF(N7="VERY_LOW",1,IF(N7="LOW",2,IF(N7="MEDIUM",3,IF(N7="HIGH",4,IF(N7="VERY_HIGH",5,"")))))))) -> 3 | R7: 272.9 | S7: 6.4 | T7: NONE | U7: NARROW | V7: TRUE | W7: ALL | X7: LONG | Y7: HIGH | Z7: https://www.rtings.com/running-shoes/reviews/asics/gel-nimbus-28 | AA7: RTINGS measured drop 사용. ASICS advertised drop 8mm는 Evidence에서 별도 관리. | AB7: PERF_NORM_v0.2 | AC7: =AND(O7<>"",P7<>"",Q7<>"",R7<>"",S7<>"",T7<>"",U7<>"",V7<>"",W7<>"",X7<>"") -> TRUE
A8: GM-MZ-WAVE-RIDER-29 | B8: Mizuno Wave Rider 29 | C8: A_RTINGS | D8: RTINGS_ER_PROXY | E8: 6.4 | F8: 8 | K8: 3.6 | O8: =IF(E8<>"",IF(E8<=2,1,IF(E8<=4,2,IF(E8<=6,3,IF(E8<=8,4,5)))),IF(L8="VERY_LOW",1,IF(L8="LOW",2,IF(L8="MEDIUM",3,IF(L8="HIGH",4,IF(L8="VERY_HIGH",5,"")))))) -> 4 | P8: =IF(F8<>"",IF(F8<=2,1,IF(F8<=4,2,IF(F8<=6,3,IF(F8<=8,4,5)))),IF(M8="VERY_LOW",1,IF(M8="LOW",2,IF(M8="MEDIUM",3,IF(M8="HIGH",4,IF(M8="VERY_HIGH",5,"")))))) -> 4 | Q8: =IF(G8<>"",IF(G8<=2,1,IF(G8<=4,2,IF(G8<=6,3,IF(G8<=8,4,5)))),IF(AND(H8<>"",I8<>"",J8<>""),IF(AVERAGE(H8:J8)<=2,1,IF(AVERAGE(H8:J8)<=4,2,IF(AVERAGE(H8:J8)<=6,3,IF(AVERAGE(H8:J8)<=8,4,5)))),IF(K8<>"",IF(K8<=2,1,IF(K8<=4,2,IF(K8<=6,3,IF(K8<=8,4,5)))),IF(N8="VERY_LOW",1,IF(N8="LOW",2,IF(N8="MEDIUM",3,IF(N8="HIGH",4,IF(N8="VERY_HIGH",5,"")))))))) -> 2 | R8: 262.1 | S8: 8.4 | T8: OTHER | U8: NARROW | V8: TRUE | W8: ALL | X8: ALL | Y8: MEDIUM | Z8: https://www.rtings.com/running-shoes/reviews/mizuno/wave-rider-29 | AA8: Responsiveness는 Energy Return proxy. RTINGS plate 분류 Plastic을 GearMatch OTHER로 매핑. | AB8: PERF_NORM_v0.2 | AC8: =AND(O8<>"",P8<>"",Q8<>"",R8<>"",S8<>"",T8<>"",U8<>"",V8<>"",W8<>"",X8<>"") -> TRUE
A9: GM-NB-FRESH-FOAM-X-1080-V15 | B9: New Balance Fresh Foam X 1080 v15 | C9: A_RTINGS | D9: RTINGS_DIRECT | E9: 8 | F9: 7.6 | G9: 6.5 | O9: =IF(E9<>"",IF(E9<=2,1,IF(E9<=4,2,IF(E9<=6,3,IF(E9<=8,4,5)))),IF(L9="VERY_LOW",1,IF(L9="LOW",2,IF(L9="MEDIUM",3,IF(L9="HIGH",4,IF(L9="VERY_HIGH",5,"")))))) -> 4 | P9: =IF(F9<>"",IF(F9<=2,1,IF(F9<=4,2,IF(F9<=6,3,IF(F9<=8,4,5)))),IF(M9="VERY_LOW",1,IF(M9="LOW",2,IF(M9="MEDIUM",3,IF(M9="HIGH",4,IF(M9="VERY_HIGH",5,"")))))) -> 4 | Q9: =IF(G9<>"",IF(G9<=2,1,IF(G9<=4,2,IF(G9<=6,3,IF(G9<=8,4,5)))),IF(AND(H9<>"",I9<>"",J9<>""),IF(AVERAGE(H9:J9)<=2,1,IF(AVERAGE(H9:J9)<=4,2,IF(AVERAGE(H9:J9)<=6,3,IF(AVERAGE(H9:J9)<=8,4,5)))),IF(K9<>"",IF(K9<=2,1,IF(K9<=4,2,IF(K9<=6,3,IF(K9<=8,4,5)))),IF(N9="VERY_LOW",1,IF(N9="LOW",2,IF(N9="MEDIUM",3,IF(N9="HIGH",4,IF(N9="VERY_HIGH",5,"")))))))) -> 4 | R9: 250.3 | S9: 7.8 | T9: NONE | U9: NARROW | V9: TRUE | W9: ALL | X9: LONG | Y9: HIGH | Z9: https://www.rtings.com/running-shoes/reviews/new-balance/fresh-foam-x-1080v15-green | AA9: Wide sizing available. 기존 리뷰의 snug/narrow 신호 유지. | AB9: PERF_NORM_v0.2 | AC9: =AND(O9<>"",P9<>"",Q9<>"",R9<>"",S9<>"",T9<>"",U9<>"",V9<>"",W9<>"",X9<>"") -> TRUE
A10: GM-NB-FRESH-FOAM-X-880-V15 | B10: New Balance Fresh Foam X 880 v15 | C10: A_RTINGS | D10: RTINGS_DIRECT | E10: 7.1 | F10: 8.4 | G10: 6.7 | O10: =IF(E10<>"",IF(E10<=2,1,IF(E10<=4,2,IF(E10<=6,3,IF(E10<=8,4,5)))),IF(L10="VERY_LOW",1,IF(L10="LOW",2,IF(L10="MEDIUM",3,IF(L10="HIGH",4,IF(L10="VERY_HIGH",5,"")))))) -> 4 | P10: =IF(F10<>"",IF(F10<=2,1,IF(F10<=4,2,IF(F10<=6,3,IF(F10<=8,4,5)))),IF(M10="VERY_LOW",1,IF(M10="LOW",2,IF(M10="MEDIUM",3,IF(M10="HIGH",4,IF(M10="VERY_HIGH",5,"")))))) -> 5 | Q10: =IF(G10<>"",IF(G10<=2,1,IF(G10<=4,2,IF(G10<=6,3,IF(G10<=8,4,5)))),IF(AND(H10<>"",I10<>"",J10<>""),IF(AVERAGE(H10:J10)<=2,1,IF(AVERAGE(H10:J10)<=4,2,IF(AVERAGE(H10:J10)<=6,3,IF(AVERAGE(H10:J10)<=8,4,5)))),IF(K10<>"",IF(K10<=2,1,IF(K10<=4,2,IF(K10<=6,3,IF(K10<=8,4,5)))),IF(N10="VERY_LOW",1,IF(N10="LOW",2,IF(N10="MEDIUM",3,IF(N10="HIGH",4,IF(N10="VERY_HIGH",5,"")))))))) -> 4 | R10: 286.6 | S10: 7.3 | T10: NONE | U10: STANDARD | V10: TRUE | W10: ALL | X10: ALL | Y10: HIGH | Z10: https://www.rtings.com/running-shoes/reviews/new-balance/fresh-foam-x-880v15-white | AA10: RTINGS forefoot width는 양호, Wide sizing available. | AB10: PERF_NORM_v0.2 | AC10: =AND(O10<>"",P10<>"",Q10<>"",R10<>"",S10<>"",T10<>"",U10<>"",V10<>"",W10<>"",X10<>"") -> TRUE
A11: GM-NK-VOMERO-18 | B11: Nike Vomero 18 | C11: A_RTINGS | D11: RTINGS_DIRECT | E11: 7.7 | F11: 8.1 | G11: 5.7 | O11: =IF(E11<>"",IF(E11<=2,1,IF(E11<=4,2,IF(E11<=6,3,IF(E11<=8,4,5)))),IF(L11="VERY_LOW",1,IF(L11="LOW",2,IF(L11="MEDIUM",3,IF(L11="HIGH",4,IF(L11="VERY_HIGH",5,"")))))) -> 4 | P11: =IF(F11<>"",IF(F11<=2,1,IF(F11<=4,2,IF(F11<=6,3,IF(F11<=8,4,5)))),IF(M11="VERY_LOW",1,IF(M11="LOW",2,IF(M11="MEDIUM",3,IF(M11="HIGH",4,IF(M11="VERY_HIGH",5,"")))))) -> 5 | Q11: =IF(G11<>"",IF(G11<=2,1,IF(G11<=4,2,IF(G11<=6,3,IF(G11<=8,4,5)))),IF(AND(H11<>"",I11<>"",J11<>""),IF(AVERAGE(H11:J11)<=2,1,IF(AVERAGE(H11:J11)<=4,2,IF(AVERAGE(H11:J11)<=6,3,IF(AVERAGE(H11:J11)<=8,4,5)))),IF(K11<>"",IF(K11<=2,1,IF(K11<=4,2,IF(K11<=6,3,IF(K11<=8,4,5)))),IF(N11="VERY_LOW",1,IF(N11="LOW",2,IF(N11="MEDIUM",3,IF(N11="HIGH",4,IF(N11="VERY_HIGH",5,"")))))))) -> 3 | R11: 297.5 | S11: 10.3 | T11: NONE | U11: NARROW | V11: TRUE | W11: ALL | X11: LONG | Y11: HIGH | Z11: https://www.rtings.com/running-shoes/reviews/nike/vomero-18 | AA11: Nike KR에 Wide 판매 확인. 공식 무게 325g/280mm, offset 10mm는 Evidence에 병기. | AB11: PERF_NORM_v0.2 | AC11: =AND(O11<>"",P11<>"",Q11<>"",R11<>"",S11<>"",T11<>"",U11<>"",V11<>"",W11<>"",X11<>"") -> TRUE
A12: GM-PM-VELOCITY-NITRO-4 | B12: PUMA Velocity NITRO 4 | C12: A_RTINGS | D12: RTINGS_ER_PROXY | E12: 6.7 | F12: 7.6 | K12: 7.6 | O12: =IF(E12<>"",IF(E12<=2,1,IF(E12<=4,2,IF(E12<=6,3,IF(E12<=8,4,5)))),IF(L12="VERY_LOW",1,IF(L12="LOW",2,IF(L12="MEDIUM",3,IF(L12="HIGH",4,IF(L12="VERY_HIGH",5,"")))))) -> 4 | P12: =IF(F12<>"",IF(F12<=2,1,IF(F12<=4,2,IF(F12<=6,3,IF(F12<=8,4,5)))),IF(M12="VERY_LOW",1,IF(M12="LOW",2,IF(M12="MEDIUM",3,IF(M12="HIGH",4,IF(M12="VERY_HIGH",5,"")))))) -> 4 | Q12: =IF(G12<>"",IF(G12<=2,1,IF(G12<=4,2,IF(G12<=6,3,IF(G12<=8,4,5)))),IF(AND(H12<>"",I12<>"",J12<>""),IF(AVERAGE(H12:J12)<=2,1,IF(AVERAGE(H12:J12)<=4,2,IF(AVERAGE(H12:J12)<=6,3,IF(AVERAGE(H12:J12)<=8,4,5)))),IF(K12<>"",IF(K12<=2,1,IF(K12<=4,2,IF(K12<=6,3,IF(K12<=8,4,5)))),IF(N12="VERY_LOW",1,IF(N12="LOW",2,IF(N12="MEDIUM",3,IF(N12="HIGH",4,IF(N12="VERY_HIGH",5,"")))))))) -> 4 | R12: 232.3 | S12: 10.1 | T12: NONE | U12: NARROW | V12: FALSE | W12: ALL | X12: ALL | Y12: MEDIUM | Z12: https://www.rtings.com/running-shoes/reviews/puma/velocity-nitro-4 | AA12: Responsiveness는 Energy Return proxy. | AB12: PERF_NORM_v0.2 | AC12: =AND(O12<>"",P12<>"",Q12<>"",R12<>"",S12<>"",T12<>"",U12<>"",V12<>"",W12<>"",X12<>"") -> TRUE
A13: GM-SC-TRIUMPH-23 | B13: Saucony Triumph 23 | C13: A_RTINGS | D13: RTINGS_COMPOSITE | E13: 7.8 | F13: 8 | H13: 6.9 | I13: 7.2 | J13: 7.2 | O13: =IF(E13<>"",IF(E13<=2,1,IF(E13<=4,2,IF(E13<=6,3,IF(E13<=8,4,5)))),IF(L13="VERY_LOW",1,IF(L13="LOW",2,IF(L13="MEDIUM",3,IF(L13="HIGH",4,IF(L13="VERY_HIGH",5,"")))))) -> 4 | P13: =IF(F13<>"",IF(F13<=2,1,IF(F13<=4,2,IF(F13<=6,3,IF(F13<=8,4,5)))),IF(M13="VERY_LOW",1,IF(M13="LOW",2,IF(M13="MEDIUM",3,IF(M13="HIGH",4,IF(M13="VERY_HIGH",5,"")))))) -> 4 | Q13: =IF(G13<>"",IF(G13<=2,1,IF(G13<=4,2,IF(G13<=6,3,IF(G13<=8,4,5)))),IF(AND(H13<>"",I13<>"",J13<>""),IF(AVERAGE(H13:J13)<=2,1,IF(AVERAGE(H13:J13)<=4,2,IF(AVERAGE(H13:J13)<=6,3,IF(AVERAGE(H13:J13)<=8,4,5)))),IF(K13<>"",IF(K13<=2,1,IF(K13<=4,2,IF(K13<=6,3,IF(K13<=8,4,5)))),IF(N13="VERY_LOW",1,IF(N13="LOW",2,IF(N13="MEDIUM",3,IF(N13="HIGH",4,IF(N13="VERY_HIGH",5,"")))))))) -> 4 | R13: 264.8 | S13: 9.6 | T13: NONE | U13: STANDARD | V13: TRUE | W13: ALL | X13: LONG | Y13: MEDIUM | Z13: https://www.rtings.com/running-shoes/reviews/saucony/triumph-23 | AA13: v0.15 계열: Responsiveness 대신 Bounciness/Snappiness/Roll 평균을 사용. | AB13: PERF_NORM_v0.2 | AC13: =AND(O13<>"",P13<>"",Q13<>"",R13<>"",S13<>"",T13<>"",U13<>"",V13<>"",W13<>"",X13<>"") -> TRUE
A14: GM-AS-GEL-KAYANO-33 | B14: ASICS GEL-KAYANO 33 | C14: A_RTINGS | D14: RTINGS_DIRECT | E14: 7.7 | F14: 8.4 | G14: 5.7 | O14: =IF(E14<>"",IF(E14<=2,1,IF(E14<=4,2,IF(E14<=6,3,IF(E14<=8,4,5)))),IF(L14="VERY_LOW",1,IF(L14="LOW",2,IF(L14="MEDIUM",3,IF(L14="HIGH",4,IF(L14="VERY_HIGH",5,"")))))) -> 4 | P14: =IF(F14<>"",IF(F14<=2,1,IF(F14<=4,2,IF(F14<=6,3,IF(F14<=8,4,5)))),IF(M14="VERY_LOW",1,IF(M14="LOW",2,IF(M14="MEDIUM",3,IF(M14="HIGH",4,IF(M14="VERY_HIGH",5,"")))))) -> 5 | Q14: =IF(G14<>"",IF(G14<=2,1,IF(G14<=4,2,IF(G14<=6,3,IF(G14<=8,4,5)))),IF(AND(H14<>"",I14<>"",J14<>""),IF(AVERAGE(H14:J14)<=2,1,IF(AVERAGE(H14:J14)<=4,2,IF(AVERAGE(H14:J14)<=6,3,IF(AVERAGE(H14:J14)<=8,4,5)))),IF(K14<>"",IF(K14<=2,1,IF(K14<=4,2,IF(K14<=6,3,IF(K14<=8,4,5)))),IF(N14="VERY_LOW",1,IF(N14="LOW",2,IF(N14="MEDIUM",3,IF(N14="HIGH",4,IF(N14="VERY_HIGH",5,"")))))))) -> 3 | R14: 295.9 | S14: 11.1 | T14: NONE | U14: STANDARD | V14: TRUE | W14: ALL | X14: ALL | Y14: HIGH | Z14: https://www.rtings.com/running-shoes/reviews/asics/gel-kayano-33 | AA14: 공식 stability 모델. RTINGS measured drop 사용. | AB14: PERF_NORM_v0.2 | AC14: =AND(O14<>"",P14<>"",Q14<>"",R14<>"",S14<>"",T14<>"",U14<>"",V14<>"",W14<>"",X14<>"") -> TRUE
A15: GM-MZ-WAVE-INSPIRE-22 | B15: Mizuno Wave Inspire 22 | C15: B_RUNREPEAT | D15: RUNREPEAT_RELATIVE | L15: MEDIUM | M15: HIGH | N15: LOW | O15: =IF(E15<>"",IF(E15<=2,1,IF(E15<=4,2,IF(E15<=6,3,IF(E15<=8,4,5)))),IF(L15="VERY_LOW",1,IF(L15="LOW",2,IF(L15="MEDIUM",3,IF(L15="HIGH",4,IF(L15="VERY_HIGH",5,"")))))) -> 3 | P15: =IF(F15<>"",IF(F15<=2,1,IF(F15<=4,2,IF(F15<=6,3,IF(F15<=8,4,5)))),IF(M15="VERY_LOW",1,IF(M15="LOW",2,IF(M15="MEDIUM",3,IF(M15="HIGH",4,IF(M15="VERY_HIGH",5,"")))))) -> 4 | Q15: =IF(G15<>"",IF(G15<=2,1,IF(G15<=4,2,IF(G15<=6,3,IF(G15<=8,4,5)))),IF(AND(H15<>"",I15<>"",J15<>""),IF(AVERAGE(H15:J15)<=2,1,IF(AVERAGE(H15:J15)<=4,2,IF(AVERAGE(H15:J15)<=6,3,IF(AVERAGE(H15:J15)<=8,4,5)))),IF(K15<>"",IF(K15<=2,1,IF(K15<=4,2,IF(K15<=6,3,IF(K15<=8,4,5)))),IF(N15="VERY_LOW",1,IF(N15="LOW",2,IF(N15="MEDIUM",3,IF(N15="HIGH",4,IF(N15="VERY_HIGH",5,"")))))))) -> 2 | R15: 280 | S15: 7.6 | T15: OTHER | U15: STANDARD | V15: TRUE | W15: ALL | X15: ALL | Y15: MEDIUM | Z15: https://runrepeat.com/mizuno-wave-inspire-22 | AA15: RunRepeat: shock absorption 보통, stability 강점, energy return 낮음(heel 52.7%). 상대 밴드 정규화. | AB15: PERF_NORM_v0.2 | AC15: =AND(O15<>"",P15<>"",Q15<>"",R15<>"",S15<>"",T15<>"",U15<>"",V15<>"",W15<>"",X15<>"") -> TRUE
A16: GM-NB-FRESH-FOAM-X-860-V15 | B16: New Balance Fresh Foam X 860 v15 | C16: A_RTINGS | D16: RTINGS_DIRECT | E16: 7.9 | F16: 8.5 | G16: 6.9 | O16: =IF(E16<>"",IF(E16<=2,1,IF(E16<=4,2,IF(E16<=6,3,IF(E16<=8,4,5)))),IF(L16="VERY_LOW",1,IF(L16="LOW",2,IF(L16="MEDIUM",3,IF(L16="HIGH",4,IF(L16="VERY_HIGH",5,"")))))) -> 4 | P16: =IF(F16<>"",IF(F16<=2,1,IF(F16<=4,2,IF(F16<=6,3,IF(F16<=8,4,5)))),IF(M16="VERY_LOW",1,IF(M16="LOW",2,IF(M16="MEDIUM",3,IF(M16="HIGH",4,IF(M16="VERY_HIGH",5,"")))))) -> 5 | Q16: =IF(G16<>"",IF(G16<=2,1,IF(G16<=4,2,IF(G16<=6,3,IF(G16<=8,4,5)))),IF(AND(H16<>"",I16<>"",J16<>""),IF(AVERAGE(H16:J16)<=2,1,IF(AVERAGE(H16:J16)<=4,2,IF(AVERAGE(H16:J16)<=6,3,IF(AVERAGE(H16:J16)<=8,4,5)))),IF(K16<>"",IF(K16<=2,1,IF(K16<=4,2,IF(K16<=6,3,IF(K16<=8,4,5)))),IF(N16="VERY_LOW",1,IF(N16="LOW",2,IF(N16="MEDIUM",3,IF(N16="HIGH",4,IF(N16="VERY_HIGH",5,"")))))))) -> 4 | R16: 329.3 | S16: 6 | T16: OTHER | U16: NARROW | V16: TRUE | W16: ALL | X16: ALL | Y16: HIGH | Z16: https://www.rtings.com/running-shoes/reviews/new-balance/fresh-foam-x-860v15 | AA16: RTINGS Plastic support element → GearMatch OTHER. Wide sizing available. | AB16: PERF_NORM_v0.2 | AC16: =AND(O16<>"",P16<>"",Q16<>"",R16<>"",S16<>"",T16<>"",U16<>"",V16<>"",W16<>"",X16<>"") -> TRUE
A17: GM-NK-STRUCTURE-26 | B17: Nike Structure 26 | C17: B_RUNREPEAT | D17: RUNREPEAT_RELATIVE | L17: MEDIUM | M17: VERY_HIGH | N17: MEDIUM | O17: =IF(E17<>"",IF(E17<=2,1,IF(E17<=4,2,IF(E17<=6,3,IF(E17<=8,4,5)))),IF(L17="VERY_LOW",1,IF(L17="LOW",2,IF(L17="MEDIUM",3,IF(L17="HIGH",4,IF(L17="VERY_HIGH",5,"")))))) -> 3 | P17: =IF(F17<>"",IF(F17<=2,1,IF(F17<=4,2,IF(F17<=6,3,IF(F17<=8,4,5)))),IF(M17="VERY_LOW",1,IF(M17="LOW",2,IF(M17="MEDIUM",3,IF(M17="HIGH",4,IF(M17="VERY_HIGH",5,"")))))) -> 5 | Q17: =IF(G17<>"",IF(G17<=2,1,IF(G17<=4,2,IF(G17<=6,3,IF(G17<=8,4,5)))),IF(AND(H17<>"",I17<>"",J17<>""),IF(AVERAGE(H17:J17)<=2,1,IF(AVERAGE(H17:J17)<=4,2,IF(AVERAGE(H17:J17)<=6,3,IF(AVERAGE(H17:J17)<=8,4,5)))),IF(K17<>"",IF(K17<=2,1,IF(K17<=4,2,IF(K17<=6,3,IF(K17<=8,4,5)))),IF(N17="VERY_LOW",1,IF(N17="LOW",2,IF(N17="MEDIUM",3,IF(N17="HIGH",4,IF(N17="VERY_HIGH",5,"")))))))) -> 3 | R17: 296 | S17: 10.1 | T17: NONE | U17: STANDARD | V17: TRUE | W17: ALL | X17: ALL | Y17: MEDIUM | Z17: https://runrepeat.com/nike-structure-26 | AA17: RunRepeat: heel SA 132/forefoot 99, ER 57.2~59.4%, classic stability. Normal/Wide/X-Wide. | AB17: PERF_NORM_v0.2 | AC17: =AND(O17<>"",P17<>"",Q17<>"",R17<>"",S17<>"",T17<>"",U17<>"",V17<>"",W17<>"",X17<>"") -> TRUE
A18: GM-SC-GUIDE-19 | B18: Saucony Guide 19 | C18: A_RTINGS | D18: RTINGS_DIRECT | E18: 7.2 | F18: 8.9 | G18: 5.9 | O18: =IF(E18<>"",IF(E18<=2,1,IF(E18<=4,2,IF(E18<=6,3,IF(E18<=8,4,5)))),IF(L18="VERY_LOW",1,IF(L18="LOW",2,IF(L18="MEDIUM",3,IF(L18="HIGH",4,IF(L18="VERY_HIGH",5,"")))))) -> 4 | P18: =IF(F18<>"",IF(F18<=2,1,IF(F18<=4,2,IF(F18<=6,3,IF(F18<=8,4,5)))),IF(M18="VERY_LOW",1,IF(M18="LOW",2,IF(M18="MEDIUM",3,IF(M18="HIGH",4,IF(M18="VERY_HIGH",5,"")))))) -> 5 | Q18: =IF(G18<>"",IF(G18<=2,1,IF(G18<=4,2,IF(G18<=6,3,IF(G18<=8,4,5)))),IF(AND(H18<>"",I18<>"",J18<>""),IF(AVERAGE(H18:J18)<=2,1,IF(AVERAGE(H18:J18)<=4,2,IF(AVERAGE(H18:J18)<=6,3,IF(AVERAGE(H18:J18)<=8,4,5)))),IF(K18<>"",IF(K18<=2,1,IF(K18<=4,2,IF(K18<=6,3,IF(K18<=8,4,5)))),IF(N18="VERY_LOW",1,IF(N18="LOW",2,IF(N18="MEDIUM",3,IF(N18="HIGH",4,IF(N18="VERY_HIGH",5,"")))))))) -> 3 | R18: 294.5 | S18: 6.7 | T18: NONE | U18: WIDE | V18: TRUE | W18: ALL | X18: ALL | Y18: HIGH | Z18: https://www.rtings.com/running-shoes/reviews/saucony/guide-19 | AA18: CenterPath 기반 안정화. 기존 리뷰 Evidence의 FIT_WIDE 유지. | AB18: PERF_NORM_v0.2 | AC18: =AND(O18<>"",P18<>"",Q18<>"",R18<>"",S18<>"",T18<>"",U18<>"",V18<>"",W18<>"",X18<>"") -> TRUE
A19: GM-AS-MAGIC-SPEED-5 | B19: ASICS Magic Speed 5 | C19: A_RTINGS | D19: RTINGS_DIRECT | E19: 7.7 | F19: 6.3 | G19: 7.6 | O19: =IF(E19<>"",IF(E19<=2,1,IF(E19<=4,2,IF(E19<=6,3,IF(E19<=8,4,5)))),IF(L19="VERY_LOW",1,IF(L19="LOW",2,IF(L19="MEDIUM",3,IF(L19="HIGH",4,IF(L19="VERY_HIGH",5,"")))))) -> 4 | P19: =IF(F19<>"",IF(F19<=2,1,IF(F19<=4,2,IF(F19<=6,3,IF(F19<=8,4,5)))),IF(M19="VERY_LOW",1,IF(M19="LOW",2,IF(M19="MEDIUM",3,IF(M19="HIGH",4,IF(M19="VERY_HIGH",5,"")))))) -> 4 | Q19: =IF(G19<>"",IF(G19<=2,1,IF(G19<=4,2,IF(G19<=6,3,IF(G19<=8,4,5)))),IF(AND(H19<>"",I19<>"",J19<>""),IF(AVERAGE(H19:J19)<=2,1,IF(AVERAGE(H19:J19)<=4,2,IF(AVERAGE(H19:J19)<=6,3,IF(AVERAGE(H19:J19)<=8,4,5)))),IF(K19<>"",IF(K19<=2,1,IF(K19<=4,2,IF(K19<=6,3,IF(K19<=8,4,5)))),IF(N19="VERY_LOW",1,IF(N19="LOW",2,IF(N19="MEDIUM",3,IF(N19="HIGH",4,IF(N19="VERY_HIGH",5,"")))))))) -> 4 | R19: 199.5 | S19: 6.9 | T19: CARBON | U19: NARROW | V19: FALSE | W19: INTERMEDIATE | X19: MID | Y19: HIGH | Z19: https://www.rtings.com/running-shoes/reviews/asics/magic-speed-5-carbon-fiber | AA19: Carbon Fiber plate. 빠른 훈련/단거리 레이스 지향. | AB19: PERF_NORM_v0.2 | AC19: =AND(O19<>"",P19<>"",Q19<>"",R19<>"",S19<>"",T19<>"",U19<>"",V19<>"",W19<>"",X19<>"") -> TRUE
A20: GM-AS-SUPERBLAST-3 | B20: ASICS SUPERBLAST 3 | C20: A_RTINGS | D20: RTINGS_COMPOSITE | E20: 9.4 | F20: 6.4 | H20: 7.8 | I20: 6.4 | J20: 7.6 | O20: =IF(E20<>"",IF(E20<=2,1,IF(E20<=4,2,IF(E20<=6,3,IF(E20<=8,4,5)))),IF(L20="VERY_LOW",1,IF(L20="LOW",2,IF(L20="MEDIUM",3,IF(L20="HIGH",4,IF(L20="VERY_HIGH",5,"")))))) -> 5 | P20: =IF(F20<>"",IF(F20<=2,1,IF(F20<=4,2,IF(F20<=6,3,IF(F20<=8,4,5)))),IF(M20="VERY_LOW",1,IF(M20="LOW",2,IF(M20="MEDIUM",3,IF(M20="HIGH",4,IF(M20="VERY_HIGH",5,"")))))) -> 4 | Q20: =IF(G20<>"",IF(G20<=2,1,IF(G20<=4,2,IF(G20<=6,3,IF(G20<=8,4,5)))),IF(AND(H20<>"",I20<>"",J20<>""),IF(AVERAGE(H20:J20)<=2,1,IF(AVERAGE(H20:J20)<=4,2,IF(AVERAGE(H20:J20)<=6,3,IF(AVERAGE(H20:J20)<=8,4,5)))),IF(K20<>"",IF(K20<=2,1,IF(K20<=4,2,IF(K20<=6,3,IF(K20<=8,4,5)))),IF(N20="VERY_LOW",1,IF(N20="LOW",2,IF(N20="MEDIUM",3,IF(N20="HIGH",4,IF(N20="VERY_HIGH",5,"")))))))) -> 4 | R20: 232.6 | S20: 7.1 | T20: NONE | U20: NARROW | V20: FALSE | W20: ALL | X20: ALL | Y20: MEDIUM | Z20: https://www.rtings.com/running-shoes/reviews/asics/superblast-3-blue | AA20: v0.15: Bounciness 7.8 / Snappiness 6.4 / Roll 7.6 평균. | AB20: PERF_NORM_v0.2 | AC20: =AND(O20<>"",P20<>"",Q20<>"",R20<>"",S20<>"",T20<>"",U20<>"",V20<>"",W20<>"",X20<>"") -> TRUE
A21: GM-NK-PEGASUS-42 | B21: Nike Pegasus 42 | C21: A_RTINGS | D21: RTINGS_DIRECT | E21: 6 | F21: 7.9 | G21: 5.4 | O21: =IF(E21<>"",IF(E21<=2,1,IF(E21<=4,2,IF(E21<=6,3,IF(E21<=8,4,5)))),IF(L21="VERY_LOW",1,IF(L21="LOW",2,IF(L21="MEDIUM",3,IF(L21="HIGH",4,IF(L21="VERY_HIGH",5,"")))))) -> 3 | P21: =IF(F21<>"",IF(F21<=2,1,IF(F21<=4,2,IF(F21<=6,3,IF(F21<=8,4,5)))),IF(M21="VERY_LOW",1,IF(M21="LOW",2,IF(M21="MEDIUM",3,IF(M21="HIGH",4,IF(M21="VERY_HIGH",5,"")))))) -> 4 | Q21: =IF(G21<>"",IF(G21<=2,1,IF(G21<=4,2,IF(G21<=6,3,IF(G21<=8,4,5)))),IF(AND(H21<>"",I21<>"",J21<>""),IF(AVERAGE(H21:J21)<=2,1,IF(AVERAGE(H21:J21)<=4,2,IF(AVERAGE(H21:J21)<=6,3,IF(AVERAGE(H21:J21)<=8,4,5)))),IF(K21<>"",IF(K21<=2,1,IF(K21<=4,2,IF(K21<=6,3,IF(K21<=8,4,5)))),IF(N21="VERY_LOW",1,IF(N21="LOW",2,IF(N21="MEDIUM",3,IF(N21="HIGH",4,IF(N21="VERY_HIGH",5,"")))))))) -> 3 | R21: 282.6 | S21: 10.7 | T21: NONE | U21: STANDARD | V21: TRUE | W21: ALL | X21: ALL | Y21: HIGH | Z21: https://www.rtings.com/running-shoes/reviews/nike/pegasus-42 | AA21: Nike KR Wide 판매 확인. 42는 41 대비 넓은 토박스. | AB21: PERF_NORM_v0.2 | AC21: =AND(O21<>"",P21<>"",Q21<>"",R21<>"",S21<>"",T21<>"",U21<>"",V21<>"",W21<>"",X21<>"") -> TRUE
A22: GM-SC-ENDORPHIN-SPEED-5 | B22: Saucony Endorphin Speed 5 | C22: A_RTINGS | D22: RTINGS_DIRECT | E22: 6.9 | F22: 8 | G22: 7.3 | O22: =IF(E22<>"",IF(E22<=2,1,IF(E22<=4,2,IF(E22<=6,3,IF(E22<=8,4,5)))),IF(L22="VERY_LOW",1,IF(L22="LOW",2,IF(L22="MEDIUM",3,IF(L22="HIGH",4,IF(L22="VERY_HIGH",5,"")))))) -> 4 | P22: =IF(F22<>"",IF(F22<=2,1,IF(F22<=4,2,IF(F22<=6,3,IF(F22<=8,4,5)))),IF(M22="VERY_LOW",1,IF(M22="LOW",2,IF(M22="MEDIUM",3,IF(M22="HIGH",4,IF(M22="VERY_HIGH",5,"")))))) -> 4 | Q22: =IF(G22<>"",IF(G22<=2,1,IF(G22<=4,2,IF(G22<=6,3,IF(G22<=8,4,5)))),IF(AND(H22<>"",I22<>"",J22<>""),IF(AVERAGE(H22:J22)<=2,1,IF(AVERAGE(H22:J22)<=4,2,IF(AVERAGE(H22:J22)<=6,3,IF(AVERAGE(H22:J22)<=8,4,5)))),IF(K22<>"",IF(K22<=2,1,IF(K22<=4,2,IF(K22<=6,3,IF(K22<=8,4,5)))),IF(N22="VERY_LOW",1,IF(N22="LOW",2,IF(N22="MEDIUM",3,IF(N22="HIGH",4,IF(N22="VERY_HIGH",5,"")))))))) -> 4 | R22: 239.2 | S22: 8.4 | T22: NYLON | U22: STANDARD | V22: TRUE | W22: INTERMEDIATE | X22: ALL | Y22: HIGH | Z22: https://www.rtings.com/running-shoes/reviews/saucony/endorphin-speed-5 | AA22: 공식 Nylon plate. | AB22: PERF_NORM_v0.2 | AC22: =AND(O22<>"",P22<>"",Q22<>"",R22<>"",S22<>"",T22<>"",U22<>"",V22<>"",W22<>"",X22<>"") -> TRUE
A23: GM-AD-ADIZERO-EVO-SL-BASE | B23: adidas Adizero EVO SL | C23: A_RTINGS | D23: RTINGS_COMPOSITE | E23: 8 | F23: 6.6 | H23: 7 | I23: 7 | J23: 6.7 | O23: =IF(E23<>"",IF(E23<=2,1,IF(E23<=4,2,IF(E23<=6,3,IF(E23<=8,4,5)))),IF(L23="VERY_LOW",1,IF(L23="LOW",2,IF(L23="MEDIUM",3,IF(L23="HIGH",4,IF(L23="VERY_HIGH",5,"")))))) -> 4 | P23: =IF(F23<>"",IF(F23<=2,1,IF(F23<=4,2,IF(F23<=6,3,IF(F23<=8,4,5)))),IF(M23="VERY_LOW",1,IF(M23="LOW",2,IF(M23="MEDIUM",3,IF(M23="HIGH",4,IF(M23="VERY_HIGH",5,"")))))) -> 4 | Q23: =IF(G23<>"",IF(G23<=2,1,IF(G23<=4,2,IF(G23<=6,3,IF(G23<=8,4,5)))),IF(AND(H23<>"",I23<>"",J23<>""),IF(AVERAGE(H23:J23)<=2,1,IF(AVERAGE(H23:J23)<=4,2,IF(AVERAGE(H23:J23)<=6,3,IF(AVERAGE(H23:J23)<=8,4,5)))),IF(K23<>"",IF(K23<=2,1,IF(K23<=4,2,IF(K23<=6,3,IF(K23<=8,4,5)))),IF(N23="VERY_LOW",1,IF(N23="LOW",2,IF(N23="MEDIUM",3,IF(N23="HIGH",4,IF(N23="VERY_HIGH",5,"")))))))) -> 4 | R23: 220 | S23: 6.7 | T23: OTHER | U23: STANDARD | V23: FALSE | W23: ALL | X23: ALL | Y23: MEDIUM | Z23: https://www.rtings.com/running-shoes/reviews/adidas/adizero-evo-sl | AA23: RTINGS plastic shank → OTHER. v0.15 composite. | AB23: PERF_NORM_v0.2 | AC23: =AND(O23<>"",P23<>"",Q23<>"",R23<>"",S23<>"",T23<>"",U23<>"",V23<>"",W23<>"",X23<>"") -> TRUE
A24: GM-AD-ADIZERO-SL-2 | B24: adidas Adizero SL 2 | C24: B_RUNREPEAT | D24: RUNREPEAT_RELATIVE | L24: HIGH | M24: LOW | N24: MEDIUM | O24: =IF(E24<>"",IF(E24<=2,1,IF(E24<=4,2,IF(E24<=6,3,IF(E24<=8,4,5)))),IF(L24="VERY_LOW",1,IF(L24="LOW",2,IF(L24="MEDIUM",3,IF(L24="HIGH",4,IF(L24="VERY_HIGH",5,"")))))) -> 4 | P24: =IF(F24<>"",IF(F24<=2,1,IF(F24<=4,2,IF(F24<=6,3,IF(F24<=8,4,5)))),IF(M24="VERY_LOW",1,IF(M24="LOW",2,IF(M24="MEDIUM",3,IF(M24="HIGH",4,IF(M24="VERY_HIGH",5,"")))))) -> 2 | Q24: =IF(G24<>"",IF(G24<=2,1,IF(G24<=4,2,IF(G24<=6,3,IF(G24<=8,4,5)))),IF(AND(H24<>"",I24<>"",J24<>""),IF(AVERAGE(H24:J24)<=2,1,IF(AVERAGE(H24:J24)<=4,2,IF(AVERAGE(H24:J24)<=6,3,IF(AVERAGE(H24:J24)<=8,4,5)))),IF(K24<>"",IF(K24<=2,1,IF(K24<=4,2,IF(K24<=6,3,IF(K24<=8,4,5)))),IF(N24="VERY_LOW",1,IF(N24="LOW",2,IF(N24="MEDIUM",3,IF(N24="HIGH",4,IF(N24="VERY_HIGH",5,"")))))))) -> 3 | R24: 245 | S24: 8.2 | T24: NONE | U24: STANDARD | V24: TRUE | W24: ALL | X24: ALL | Y24: MEDIUM | Z24: https://runrepeat.com/adidas-adizero-sl2 | AA24: RunRepeat: shock absorption high(136 SA), Stability score 65/neutral, ER moderate(56.1 heel/64.3 forefoot), Normal/Wide. | AB24: PERF_NORM_v0.2 | AC24: =AND(O24<>"",P24<>"",Q24<>"",R24<>"",S24<>"",T24<>"",U24<>"",V24<>"",W24<>"",X24<>"") -> TRUE
A25: GM-AS-METASPEED-SKY-TOKYO | B25: ASICS METASPEED SKY TOKYO | C25: A_RTINGS | D25: RTINGS_COMPOSITE | E25: 8.3 | F25: 5.5 | H25: 7.8 | I25: 7.9 | J25: 7.7 | O25: =IF(E25<>"",IF(E25<=2,1,IF(E25<=4,2,IF(E25<=6,3,IF(E25<=8,4,5)))),IF(L25="VERY_LOW",1,IF(L25="LOW",2,IF(L25="MEDIUM",3,IF(L25="HIGH",4,IF(L25="VERY_HIGH",5,"")))))) -> 5 | P25: =IF(F25<>"",IF(F25<=2,1,IF(F25<=4,2,IF(F25<=6,3,IF(F25<=8,4,5)))),IF(M25="VERY_LOW",1,IF(M25="LOW",2,IF(M25="MEDIUM",3,IF(M25="HIGH",4,IF(M25="VERY_HIGH",5,"")))))) -> 3 | Q25: =IF(G25<>"",IF(G25<=2,1,IF(G25<=4,2,IF(G25<=6,3,IF(G25<=8,4,5)))),IF(AND(H25<>"",I25<>"",J25<>""),IF(AVERAGE(H25:J25)<=2,1,IF(AVERAGE(H25:J25)<=4,2,IF(AVERAGE(H25:J25)<=6,3,IF(AVERAGE(H25:J25)<=8,4,5)))),IF(K25<>"",IF(K25<=2,1,IF(K25<=4,2,IF(K25<=6,3,IF(K25<=8,4,5)))),IF(N25="VERY_LOW",1,IF(N25="LOW",2,IF(N25="MEDIUM",3,IF(N25="HIGH",4,IF(N25="VERY_HIGH",5,"")))))))) -> 4 | R25: 157.3 | S25: 4.7 | T25: CARBON | U25: NARROW | V25: FALSE | W25: ADVANCED | X25: LONG | Y25: MEDIUM | Z25: https://www.rtings.com/running-shoes/reviews/asics/metaspeed-sky-tokyo | AA25: v0.15 composite. 공격적 레이스 지향. | AB25: PERF_NORM_v0.2 | AC25: =AND(O25<>"",P25<>"",Q25<>"",R25<>"",S25<>"",T25<>"",U25<>"",V25<>"",W25<>"",X25<>"") -> TRUE
A26: GM-MZ-WAVE-REBELLION-FLASH-3 | B26: Mizuno Wave Rebellion Flash 3 | C26: A_RTINGS | D26: RTINGS_ER_PROXY | E26: 8.9 | F26: 7.1 | K26: 7.2 | O26: =IF(E26<>"",IF(E26<=2,1,IF(E26<=4,2,IF(E26<=6,3,IF(E26<=8,4,5)))),IF(L26="VERY_LOW",1,IF(L26="LOW",2,IF(L26="MEDIUM",3,IF(L26="HIGH",4,IF(L26="VERY_HIGH",5,"")))))) -> 5 | P26: =IF(F26<>"",IF(F26<=2,1,IF(F26<=4,2,IF(F26<=6,3,IF(F26<=8,4,5)))),IF(M26="VERY_LOW",1,IF(M26="LOW",2,IF(M26="MEDIUM",3,IF(M26="HIGH",4,IF(M26="VERY_HIGH",5,"")))))) -> 4 | Q26: =IF(G26<>"",IF(G26<=2,1,IF(G26<=4,2,IF(G26<=6,3,IF(G26<=8,4,5)))),IF(AND(H26<>"",I26<>"",J26<>""),IF(AVERAGE(H26:J26)<=2,1,IF(AVERAGE(H26:J26)<=4,2,IF(AVERAGE(H26:J26)<=6,3,IF(AVERAGE(H26:J26)<=8,4,5)))),IF(K26<>"",IF(K26<=2,1,IF(K26<=4,2,IF(K26<=6,3,IF(K26<=8,4,5)))),IF(N26="VERY_LOW",1,IF(N26="LOW",2,IF(N26="MEDIUM",3,IF(N26="HIGH",4,IF(N26="VERY_HIGH",5,"")))))))) -> 4 | R26: 243.9 | S26: 5.4 | T26: OTHER | U26: STANDARD | V26: FALSE | W26: INTERMEDIATE | X26: MID | Y26: MEDIUM | Z26: https://www.rtings.com/running-shoes/reviews/mizuno/wave-rebellion-flash-3 | AA26: Responsiveness는 Energy Return proxy. Plastic plate → OTHER. | AB26: PERF_NORM_v0.2 | AC26: =AND(O26<>"",P26<>"",Q26<>"",R26<>"",S26<>"",T26<>"",U26<>"",V26<>"",W26<>"",X26<>"") -> TRUE
A27: GM-NB-FUELCELL-SUPERCOMP-ELITE-V5 | B27: New Balance FuelCell SuperComp Elite v5 | C27: A_RTINGS | D27: RTINGS_DIRECT | E27: 7.6 | F27: 5.4 | G27: 8.2 | O27: =IF(E27<>"",IF(E27<=2,1,IF(E27<=4,2,IF(E27<=6,3,IF(E27<=8,4,5)))),IF(L27="VERY_LOW",1,IF(L27="LOW",2,IF(L27="MEDIUM",3,IF(L27="HIGH",4,IF(L27="VERY_HIGH",5,"")))))) -> 4 | P27: =IF(F27<>"",IF(F27<=2,1,IF(F27<=4,2,IF(F27<=6,3,IF(F27<=8,4,5)))),IF(M27="VERY_LOW",1,IF(M27="LOW",2,IF(M27="MEDIUM",3,IF(M27="HIGH",4,IF(M27="VERY_HIGH",5,"")))))) -> 3 | Q27: =IF(G27<>"",IF(G27<=2,1,IF(G27<=4,2,IF(G27<=6,3,IF(G27<=8,4,5)))),IF(AND(H27<>"",I27<>"",J27<>""),IF(AVERAGE(H27:J27)<=2,1,IF(AVERAGE(H27:J27)<=4,2,IF(AVERAGE(H27:J27)<=6,3,IF(AVERAGE(H27:J27)<=8,4,5)))),IF(K27<>"",IF(K27<=2,1,IF(K27<=4,2,IF(K27<=6,3,IF(K27<=8,4,5)))),IF(N27="VERY_LOW",1,IF(N27="LOW",2,IF(N27="MEDIUM",3,IF(N27="HIGH",4,IF(N27="VERY_HIGH",5,"")))))))) -> 5 | R27: 200.5 | S27: 8.9 | T27: CARBON | U27: NARROW | V27: TRUE | W27: ADVANCED | X27: LONG | Y27: HIGH | Z27: https://www.rtings.com/running-shoes/reviews/new-balance/fuelcell-supercomp-elite-v5 | AA27: Carbon plate, Wide sizing available. | AB27: PERF_NORM_v0.2 | AC27: =AND(O27<>"",P27<>"",Q27<>"",R27<>"",S27<>"",T27<>"",U27<>"",V27<>"",W27<>"",X27<>"") -> TRUE
A28: GM-PM-DEVIATE-NITRO-4 | B28: PUMA Deviate NITRO 4 | C28: A_RTINGS | D28: RTINGS_ER_PROXY | E28: 6.5 | F28: 7.9 | K28: 7.4 | O28: =IF(E28<>"",IF(E28<=2,1,IF(E28<=4,2,IF(E28<=6,3,IF(E28<=8,4,5)))),IF(L28="VERY_LOW",1,IF(L28="LOW",2,IF(L28="MEDIUM",3,IF(L28="HIGH",4,IF(L28="VERY_HIGH",5,"")))))) -> 4 | P28: =IF(F28<>"",IF(F28<=2,1,IF(F28<=4,2,IF(F28<=6,3,IF(F28<=8,4,5)))),IF(M28="VERY_LOW",1,IF(M28="LOW",2,IF(M28="MEDIUM",3,IF(M28="HIGH",4,IF(M28="VERY_HIGH",5,"")))))) -> 4 | Q28: =IF(G28<>"",IF(G28<=2,1,IF(G28<=4,2,IF(G28<=6,3,IF(G28<=8,4,5)))),IF(AND(H28<>"",I28<>"",J28<>""),IF(AVERAGE(H28:J28)<=2,1,IF(AVERAGE(H28:J28)<=4,2,IF(AVERAGE(H28:J28)<=6,3,IF(AVERAGE(H28:J28)<=8,4,5)))),IF(K28<>"",IF(K28<=2,1,IF(K28<=4,2,IF(K28<=6,3,IF(K28<=8,4,5)))),IF(N28="VERY_LOW",1,IF(N28="LOW",2,IF(N28="MEDIUM",3,IF(N28="HIGH",4,IF(N28="VERY_HIGH",5,"")))))))) -> 4 | R28: 244.4 | S28: 7 | T28: CARBON | U28: NARROW | V28: TRUE | W28: INTERMEDIATE | X28: ALL | Y28: MEDIUM | Z28: https://www.rtings.com/running-shoes/reviews/puma/deviate-nitro-4 | AA28: Responsiveness는 ER proxy. Plate는 PUMA 공식 PWRPLATE carbon fact를 우선 적용. | AB28: PERF_NORM_v0.2 | AC28: =AND(O28<>"",P28<>"",Q28<>"",R28<>"",S28<>"",T28<>"",U28<>"",V28<>"",W28<>"",X28<>"") -> TRUE
A29: GM-PM-FAST-R-NITRO-ELITE-3 | B29: PUMA Fast-R NITRO Elite 3 | C29: A_RTINGS | D29: RTINGS_COMPOSITE | E29: 8.4 | F29: 4.3 | H29: 7.8 | I29: 7.6 | J29: 8.3 | O29: =IF(E29<>"",IF(E29<=2,1,IF(E29<=4,2,IF(E29<=6,3,IF(E29<=8,4,5)))),IF(L29="VERY_LOW",1,IF(L29="LOW",2,IF(L29="MEDIUM",3,IF(L29="HIGH",4,IF(L29="VERY_HIGH",5,"")))))) -> 5 | P29: =IF(F29<>"",IF(F29<=2,1,IF(F29<=4,2,IF(F29<=6,3,IF(F29<=8,4,5)))),IF(M29="VERY_LOW",1,IF(M29="LOW",2,IF(M29="MEDIUM",3,IF(M29="HIGH",4,IF(M29="VERY_HIGH",5,"")))))) -> 3 | Q29: =IF(G29<>"",IF(G29<=2,1,IF(G29<=4,2,IF(G29<=6,3,IF(G29<=8,4,5)))),IF(AND(H29<>"",I29<>"",J29<>""),IF(AVERAGE(H29:J29)<=2,1,IF(AVERAGE(H29:J29)<=4,2,IF(AVERAGE(H29:J29)<=6,3,IF(AVERAGE(H29:J29)<=8,4,5)))),IF(K29<>"",IF(K29<=2,1,IF(K29<=4,2,IF(K29<=6,3,IF(K29<=8,4,5)))),IF(N29="VERY_LOW",1,IF(N29="LOW",2,IF(N29="MEDIUM",3,IF(N29="HIGH",4,IF(N29="VERY_HIGH",5,"")))))))) -> 4 | R29: 173.3 | S29: 8.9 | T29: CARBON | U29: NARROW | V29: FALSE | W29: ADVANCED | X29: LONG | Y29: MEDIUM | Z29: https://www.rtings.com/running-shoes/reviews/puma/fast-r-nitro-elite-3 | AA29: v0.15 composite. 낮은 lateral stability 주의. | AB29: PERF_NORM_v0.2 | AC29: =AND(O29<>"",P29<>"",Q29<>"",R29<>"",S29<>"",T29<>"",U29<>"",V29<>"",W29<>"",X29<>"") -> TRUE
A30: GM-SC-ENDORPHIN-PRO-5 | B30: Saucony Endorphin Pro 5 | C30: A_RTINGS | D30: RTINGS_DIRECT | E30: 7.3 | F30: 7.7 | G30: 8.2 | O30: =IF(E30<>"",IF(E30<=2,1,IF(E30<=4,2,IF(E30<=6,3,IF(E30<=8,4,5)))),IF(L30="VERY_LOW",1,IF(L30="LOW",2,IF(L30="MEDIUM",3,IF(L30="HIGH",4,IF(L30="VERY_HIGH",5,"")))))) -> 4 | P30: =IF(F30<>"",IF(F30<=2,1,IF(F30<=4,2,IF(F30<=6,3,IF(F30<=8,4,5)))),IF(M30="VERY_LOW",1,IF(M30="LOW",2,IF(M30="MEDIUM",3,IF(M30="HIGH",4,IF(M30="VERY_HIGH",5,"")))))) -> 4 | Q30: =IF(G30<>"",IF(G30<=2,1,IF(G30<=4,2,IF(G30<=6,3,IF(G30<=8,4,5)))),IF(AND(H30<>"",I30<>"",J30<>""),IF(AVERAGE(H30:J30)<=2,1,IF(AVERAGE(H30:J30)<=4,2,IF(AVERAGE(H30:J30)<=6,3,IF(AVERAGE(H30:J30)<=8,4,5)))),IF(K30<>"",IF(K30<=2,1,IF(K30<=4,2,IF(K30<=6,3,IF(K30<=8,4,5)))),IF(N30="VERY_LOW",1,IF(N30="LOW",2,IF(N30="MEDIUM",3,IF(N30="HIGH",4,IF(N30="VERY_HIGH",5,"")))))))) -> 5 | R30: 212.4 | S30: 10.1 | T30: CARBON | U30: STANDARD | V30: FALSE | W30: ADVANCED | X30: LONG | Y30: HIGH | Z30: https://www.rtings.com/running-shoes/reviews/saucony/endorphin-pro-5-pink | AA30: Carbon plate. 레이스화 중 상대적으로 안정적인 편. | AB30: PERF_NORM_v0.2 | AC30: =AND(O30<>"",P30<>"",Q30<>"",R30<>"",S30<>"",T30<>"",U30<>"",V30<>"",W30<>"",X30<>"") -> TRUE
A31: GM-AD-ADIZERO-ADIOS-PRO-4 | B31: adidas Adizero Adios Pro 4 | C31: A_RTINGS | D31: RTINGS_DIRECT | E31: 8 | F31: 5.5 | G31: 8.4 | O31: =IF(E31<>"",IF(E31<=2,1,IF(E31<=4,2,IF(E31<=6,3,IF(E31<=8,4,5)))),IF(L31="VERY_LOW",1,IF(L31="LOW",2,IF(L31="MEDIUM",3,IF(L31="HIGH",4,IF(L31="VERY_HIGH",5,"")))))) -> 4 | P31: =IF(F31<>"",IF(F31<=2,1,IF(F31<=4,2,IF(F31<=6,3,IF(F31<=8,4,5)))),IF(M31="VERY_LOW",1,IF(M31="LOW",2,IF(M31="MEDIUM",3,IF(M31="HIGH",4,IF(M31="VERY_HIGH",5,"")))))) -> 3 | Q31: =IF(G31<>"",IF(G31<=2,1,IF(G31<=4,2,IF(G31<=6,3,IF(G31<=8,4,5)))),IF(AND(H31<>"",I31<>"",J31<>""),IF(AVERAGE(H31:J31)<=2,1,IF(AVERAGE(H31:J31)<=4,2,IF(AVERAGE(H31:J31)<=6,3,IF(AVERAGE(H31:J31)<=8,4,5)))),IF(K31<>"",IF(K31<=2,1,IF(K31<=4,2,IF(K31<=6,3,IF(K31<=8,4,5)))),IF(N31="VERY_LOW",1,IF(N31="LOW",2,IF(N31="MEDIUM",3,IF(N31="HIGH",4,IF(N31="VERY_HIGH",5,"")))))))) -> 5 | R31: 197.5 | S31: 7 | T31: CARBON | U31: NARROW | V31: FALSE | W31: ADVANCED | X31: LONG | Y31: HIGH | Z31: https://www.rtings.com/running-shoes/reviews/adidas/adizero-adios-pro-4 | AA31: Carbon ENERGYRODS. snug fit / 낮은 lateral stability 주의. | AB31: PERF_NORM_v0.2 | AC31: =AND(O31<>"",P31<>"",Q31<>"",R31<>"",S31<>"",T31<>"",U31<>"",V31<>"",W31<>"",X31<>"") -> TRUE

Sheet 06_v0.2_Release_Notes
A1: GearMatch AI Product Recommendation DB v0.2 — Release Notes
A3: 항목 | B3: v0.2 내용 | D3: 정규화 규칙
A4: Target Product | B4: 30개 | D4: Tier A (RTINGS): 원점수 0~10을 1~5로 변환 0~2 → 1 / >2~4 → 2 / >4~6 → 3 / >6~8 → 4 / >8~10 → 5 RTINGS v0.15에서 Responsiveness가 Bounciness/Snappiness/Roll로 분리된 경우 세 값의 평균을 사용. 구형 Methodology에서 Responsiveness가 없는 경우 Energy Return을 proxy로 사용하고 Confidence=MEDIUM. Tier B (RunRepeat): Source 자체의 High/Medium/Low 및 비교 측정 결과를 GearMatch 1~5 Band로 변환. Tier A와 동일 원점수로 간주하지 않으며 source_tier를 반드시 함께 사용.
A5: 추천 준비 완료 | B5: 29개
A6: 추가 조사 필요 | B6: 1개 — adidas Duramo SL 2
A7: Tier A | B7: RTINGS 동일 테스트 벤치 기반
A8: Tier B | B8: RunRepeat 상대 측정/평가를 GearMatch Band로 정규화
A9: Tier C | B9: 공식 Product Fact만 확보, 성능점수 미부여
A10: 성능점수 | B10: Cushion / Stability / Responsiveness → 1~5
A11: Weight / Drop | B11: 비교 목적은 독립 Lab 실측 우선
A12: Plate / Wide | B12: 공식 Product Fact 우선, Lab/리뷰로 보조
A13: 주의 | B13: 외부 Lab 데이터의 상용 저장·재배포 권한은 별도 확인 필요
A15: 운영 권고 | B15: 내용
A16: 추천 Engine | B16: MVP에서는 Tier A와 Tier B를 사용하되 Tier B 제품에는 confidence penalty를 둘 것
A17: Duramo SL 2 | B17: 성능 비교 source 확보 전 candidate로 사용하지 않음
... A20: Licensing | B20: RTINGS/RunRepeat 원데이터를 상용 DB에 지속 저장·재배포하기 전 이용약관/라이선스 확인
